dataset,seed,modality,prior_flip_rate,softplus_tau,num_edges,prior_abs_mean,prior_abs_p50,prior_abs_p90,correction_abs_mean,correction_abs_p50,correction_abs_p90,correction_share_mean,correction_share_p50,correction_share_p90
Movies,42,text,0.9940983653068542,0.9766554832458496,160802,0.5402857065200806,0.5619750022888184,0.8389820456504822,1.9337862730026245,1.9842326641082764,2.250734806060791,0.7884326577186584,0.7800859212875366,0.8962683081626892
Movies,42,visual,0.9997574687004089,0.9783296585083008,160802,0.5315327048301697,0.5301063656806946,0.7873061895370483,1.5670812129974365,1.6055411100387573,1.7338734865188599,0.7530308961868286,0.7474707365036011,0.8355002999305725
Movies,43,text,0.9942414164543152,0.9790838956832886,160802,0.5891512632369995,0.6319684982299805,0.8767557740211487,2.296809673309326,2.322421073913574,2.4091203212738037,0.8025689125061035,0.786148190498352,0.9047819375991821
Movies,43,visual,0.9994714260101318,0.9815897941589355,160802,0.5634331107139587,0.5731971859931946,0.8182452321052551,1.4581772089004517,1.5129098892211914,1.6400691270828247,0.7274600267410278,0.717741847038269,0.8197410702705383
Movies,44,text,0.996579647064209,0.9772788882255554,160802,0.531716525554657,0.5514627695083618,0.8392820358276367,2.2494943141937256,2.2792296409606934,2.355074644088745,0.816215991973877,0.8043332099914551,0.9166349172592163
Movies,44,visual,0.9997201561927795,0.9812401533126831,160802,0.5257393717765808,0.526721179485321,0.7787257432937622,1.4152216911315918,1.441281795501709,1.5816065073013306,0.7363075613975525,0.7275602221488953,0.8279113173484802
Grocery,42,text,0.9743290543556213,0.9813758730888367,142262,0.5277212262153625,0.5287804007530212,0.8064025044441223,1.3619118928909302,1.424271821975708,1.5681746006011963,0.7240208387374878,0.7225010991096497,0.8469154238700867
Grocery,42,visual,0.9939267039299011,0.9851330518722534,142262,0.508086085319519,0.49884089827537537,0.8428914546966553,1.202582836151123,1.241908311843872,1.3912254571914673,0.7154477834701538,0.70225989818573,0.861335039138794
Grocery,43,text,0.9760441780090332,0.9803729057312012,142262,0.5142081379890442,0.511535108089447,0.7853510975837708,1.277174949645996,1.3344577550888062,1.6253248453140259,0.7139483690261841,0.7146298885345459,0.842991054058075
Grocery,43,visual,0.8616988658905029,0.9871471524238586,142262,0.48013392090797424,0.46201929450035095,0.8084179759025574,0.9233571887016296,0.9518746733665466,1.263829231262207,0.6578328013420105,0.658027708530426,0.8470906019210815
Grocery,44,text,0.9931113123893738,0.9820443391799927,142262,0.5234143137931824,0.5213626623153687,0.7992599010467529,1.297857403755188,1.32671058177948,1.5537258386611938,0.7186403870582581,0.7154170274734497,0.839121401309967
Grocery,44,visual,0.9885141253471375,0.9858848452568054,142262,0.49089038372039795,0.4723379611968994,0.8301141262054443,1.1664440631866455,1.1894333362579346,1.384356141090393,0.7138505578041077,0.7091732025146484,0.8648746013641357
