dataset,seed,counterfactual,full_acc,full_macro_f1,counterfactual_acc,counterfactual_macro_f1,delta_acc_full_minus_counterfactual,delta_macro_f1_full_minus_counterfactual
Movies,42,transport_off,0.5290941811637673,0.37816923253217927,0.4133173365326935,0.2660850125957188,0.1157768446310738,0.11208421993646045
Movies,42,relation_correction_off_prior_only,0.5290941811637673,0.37816923253217927,0.5050989802039592,0.34217822763560574,0.023995200959808116,0.03599100489657353
Movies,43,transport_off,0.5266946610677864,0.3514900309171007,0.4256148770245951,0.26534352401879424,0.10107978404319129,0.08614650689830644
Movies,43,relation_correction_off_prior_only,0.5266946610677864,0.3514900309171007,0.5062987402519497,0.3175631319303919,0.020395920815836743,0.03392689898670881
Movies,44,transport_off,0.532993401319736,0.4111996831402447,0.4313137372525495,0.284556231093702,0.10167966406718654,0.1266434520465427
Movies,44,relation_correction_off_prior_only,0.532993401319736,0.4111996831402447,0.4964007198560288,0.37281511524720606,0.036592681463707255,0.038384567893038624
Grocery,42,transport_off,0.816398243045388,0.7246968712847747,0.6483162518301611,0.5477878942585696,0.16808199121522693,0.17690897702620512
Grocery,42,relation_correction_off_prior_only,0.816398243045388,0.7246968712847747,0.8070278184480234,0.7075916893528418,0.00937042459736459,0.01710518193193289
Grocery,43,transport_off,0.812298682284041,0.7177119399538943,0.6547584187408492,0.5547789831170753,0.15754026354319184,0.16293295683681897
Grocery,43,relation_correction_off_prior_only,0.812298682284041,0.7177119399538943,0.7979502196193266,0.6871629463095484,0.014348462664714456,0.030548993644345823
Grocery,44,transport_off,0.8169838945827232,0.723350901808909,0.6535871156661787,0.561849502531018,0.16339677891654458,0.1615013992778911
Grocery,44,relation_correction_off_prior_only,0.8169838945827232,0.723350901808909,0.8061493411420205,0.7052400575600141,0.010834553440702721,0.018110844248894975
