dataset,seed,variant,modality,order,relative_delta_mean,relative_delta_p50,relative_delta_p90,adjacent_cos_mean,adjacent_cos_p10,adjacent_cos_p50,cumulative_novelty_mean,cumulative_novelty_p50,cumulative_novelty_p90
Movies,42,orthogonal_transport,text,1,0.9883695244789124,0.9813004732131958,1.1241849660873413,0.7789457440376282,0.7025850415229797,0.7897342443466187,0.22105424106121063,0.21026575565338135,0.2974149286746979
Movies,42,orthogonal_transport,text,2,0.340375155210495,0.3310014009475708,0.4257369041442871,0.9398179054260254,0.9094085097312927,0.9452371597290039,0.38096678256988525,0.3701147735118866,0.5048021674156189
Movies,42,orthogonal_transport,text,3,0.2478610724210739,0.24046461284160614,0.3194385766983032,0.9677273631095886,0.9489724040031433,0.9710884094238281,0.5106715559959412,0.5026120543479919,0.6560911536216736
Movies,42,orthogonal_transport,visual,1,1.0224409103393555,1.011080026626587,1.178163766860962,0.7627333998680115,0.6828408241271973,0.7760776281356812,0.23726655542850494,0.22392240166664124,0.31715917587280273
Movies,42,orthogonal_transport,visual,2,0.37125828862190247,0.3621385395526886,0.4545668661594391,0.929108738899231,0.8968042731285095,0.9344996213912964,0.42098376154899597,0.40386155247688293,0.5517323613166809
Movies,42,orthogonal_transport,visual,3,0.2453075796365738,0.2386760711669922,0.31681787967681885,0.9684284925460815,0.9498307704925537,0.9715297222137451,0.5461362600326538,0.5309064388275146,0.6969083547592163
Movies,43,orthogonal_transport,text,1,0.9999295473098755,0.994696855545044,1.18003511428833,0.7760456800460815,0.6940489411354065,0.785967230796814,0.2239542305469513,0.21403276920318604,0.3059510290622711
Movies,43,orthogonal_transport,text,2,0.28752508759498596,0.27764490246772766,0.3536544144153595,0.957305908203125,0.9375563263893127,0.9614776372909546,0.35951322317123413,0.3476572632789612,0.4730623662471771
Movies,43,orthogonal_transport,text,3,0.19109006226062775,0.18194931745529175,0.2521578371524811,0.9807973504066467,0.9682252407073975,0.9834511876106262,0.4560481607913971,0.44510459899902344,0.5787540674209595
Movies,43,orthogonal_transport,visual,1,1.0165371894836426,1.0053905248641968,1.164641261100769,0.7577226161956787,0.6841782331466675,0.7692742943763733,0.2422773838043213,0.2307257056236267,0.31582173705101013
Movies,43,orthogonal_transport,visual,2,0.358432412147522,0.34690582752227783,0.44537296891212463,0.9335408806800842,0.900864839553833,0.9398683309555054,0.41537293791770935,0.4001319408416748,0.5326395034790039
Movies,43,orthogonal_transport,visual,3,0.24597150087356567,0.23818302154541016,0.31728261709213257,0.9681819081306458,0.949647843837738,0.9716341495513916,0.534735918045044,0.5206249952316284,0.6712945103645325
Movies,44,orthogonal_transport,text,1,0.9667294025421143,0.9597278833389282,1.0926320552825928,0.7975252270698547,0.7472717761993408,0.8037781715393066,0.20247475802898407,0.19622182846069336,0.2527282238006592
Movies,44,orthogonal_transport,text,2,0.31190726161003113,0.30765199661254883,0.3649987280368805,0.950566291809082,0.9334752559661865,0.952703595161438,0.34850814938545227,0.3394329249858856,0.4383642375469208
Movies,44,orthogonal_transport,text,3,0.22196871042251587,0.21733355522155762,0.2720414102077484,0.9746429920196533,0.9630144834518433,0.9763919711112976,0.46696504950523376,0.4582720398902893,0.5764604210853577
Movies,44,orthogonal_transport,visual,1,1.0407391786575317,1.030822992324829,1.1888397932052612,0.7521817684173584,0.6737349033355713,0.7645184993743896,0.24781818687915802,0.23548153042793274,0.3262650668621063
Movies,44,orthogonal_transport,visual,2,0.38360658288002014,0.37507301568984985,0.46252527832984924,0.9246007800102234,0.8931121230125427,0.9297446012496948,0.4423472583293915,0.4274175763130188,0.5665791630744934
Movies,44,orthogonal_transport,visual,3,0.26172518730163574,0.25509175658226013,0.3306349217891693,0.9643434882164001,0.9453591704368591,0.9674703478813171,0.5734606981277466,0.5605405569076538,0.7149220108985901
Grocery,42,orthogonal_transport,text,1,1.1022497415542603,1.0886082649230957,1.2733303308486938,0.724494218826294,0.6359007358551025,0.7386759519577026,0.27550581097602844,0.261324018239975,0.36409926414489746
Grocery,42,orthogonal_transport,text,2,0.38589438796043396,0.37244683504104614,0.47772809863090515,0.923180341720581,0.8859336972236633,0.9306665062904358,0.45198938250541687,0.4387094974517822,0.5699822902679443
Grocery,42,orthogonal_transport,text,3,0.2620856761932373,0.25454163551330566,0.3337385952472687,0.9642197489738464,0.944313645362854,0.9676130414009094,0.5683857202529907,0.556990921497345,0.6984447836875916
Grocery,42,orthogonal_transport,visual,1,1.0919119119644165,1.0505483150482178,1.3357796669006348,0.7188525199890137,0.6084712743759155,0.7374470829963684,0.2811475098133087,0.2625529170036316,0.39152875542640686
Grocery,42,orthogonal_transport,visual,2,0.40032097697257996,0.3829091489315033,0.5212551951408386,0.9155722856521606,0.8641124963760376,0.9266700744628906,0.45153969526290894,0.430897980928421,0.6081052422523499
Grocery,42,orthogonal_transport,visual,3,0.2814140319824219,0.2724078893661499,0.36848607659339905,0.9581200480461121,0.9321359992027283,0.9628978967666626,0.5693480968475342,0.5501900315284729,0.7461942434310913
Grocery,43,orthogonal_transport,text,1,1.1066861152648926,1.093440055847168,1.2948622703552246,0.7137407660484314,0.6039979457855225,0.7277055978775024,0.286259263753891,0.27229437232017517,0.39600202441215515
Grocery,43,orthogonal_transport,text,2,0.3801901936531067,0.3674324154853821,0.4743742048740387,0.9250272512435913,0.8875675797462463,0.9325289726257324,0.4539676904678345,0.4425058364868164,0.5874906182289124
Grocery,43,orthogonal_transport,text,3,0.26009443402290344,0.25167620182037354,0.3375430107116699,0.9644277095794678,0.9431124329566956,0.9683319926261902,0.5605829954147339,0.5483931303024292,0.704328715801239
Grocery,43,orthogonal_transport,visual,1,1.132729172706604,1.0989758968353271,1.3732397556304932,0.7026599645614624,0.5851468443870544,0.7217673659324646,0.2973400950431824,0.2782326340675354,0.4148530960083008
Grocery,43,orthogonal_transport,visual,2,0.4058150351047516,0.3914431929588318,0.5208021402359009,0.9138323664665222,0.8644788265228271,0.9234275221824646,0.47497040033340454,0.45251065492630005,0.6393973231315613
Grocery,43,orthogonal_transport,visual,3,0.2836149334907532,0.27583643794059753,0.36756181716918945,0.9576285481452942,0.9324725270271301,0.9619638323783875,0.5882716774940491,0.5686337947845459,0.7700138688087463
Grocery,44,orthogonal_transport,text,1,1.0927226543426514,1.0779542922973633,1.2608860731124878,0.7236054539680481,0.6297908425331116,0.7363191843032837,0.2763945758342743,0.2636808454990387,0.37020912766456604
Grocery,44,orthogonal_transport,text,2,0.37704208493232727,0.3648856282234192,0.47371411323547363,0.9262768030166626,0.8878196477890015,0.9334878921508789,0.45513591170310974,0.439880907535553,0.5895679593086243
Grocery,44,orthogonal_transport,text,3,0.2614922523498535,0.2528454065322876,0.33856984972953796,0.9640375375747681,0.9427011609077454,0.9680528044700623,0.569398820400238,0.5536807775497437,0.7203946113586426
Grocery,44,orthogonal_transport,visual,1,1.111245036125183,1.0704883337020874,1.3369896411895752,0.7070285081863403,0.5966366529464722,0.7259353399276733,0.29297149181365967,0.27406466007232666,0.40336334705352783
Grocery,44,orthogonal_transport,visual,2,0.40150848031044006,0.3894656300544739,0.506842315196991,0.9160551428794861,0.8715448379516602,0.9241726398468018,0.47229936718940735,0.45203953981399536,0.6235490441322327
Grocery,44,orthogonal_transport,visual,3,0.2677251696586609,0.26286154985427856,0.34056976437568665,0.962533175945282,0.9419710040092468,0.9654541611671448,0.5866526961326599,0.5674141645431519,0.7522335648536682
