dataset,seed,modality,sampled_edges,rho_conductance_displacement,rho_cosine_mean_abs_angle,rho_abs_correction_mean_abs_angle
Movies,42,text,4096,0.28322860668565225,0.171129748292397,-0.16859284229683716
Movies,42,visual,4096,0.013504308962688664,0.4865760301370824,0.9460714055769168
Movies,43,text,4096,0.06678313593066448,0.16635421028096026,0.16391209135037627
Movies,43,visual,4096,-0.185487345006288,0.47666809335675114,0.648212570154154
Movies,44,text,4096,0.20572061593848467,0.5427222172903255,0.8228626311370829
Movies,44,visual,4096,-0.027738319304123373,0.44573675828410086,0.44583726938453094
Grocery,42,text,4096,0.4322108787995067,0.21699167739085043,-0.0998755330305476
Grocery,42,visual,4096,-0.14287874933428105,0.30418857084581075,0.6693206057180803
Grocery,43,text,4096,0.6201436953515784,0.19372750738735023,-0.6951443016790508
Grocery,43,visual,4096,0.14134679473105052,0.31591507342094166,0.3876483992782372
Grocery,44,text,4096,0.15603233297653252,0.27546684136441063,0.1107551741295241
Grocery,44,visual,4096,-0.03588893167819184,0.1816861582201548,0.66040819980727
