dataset,seed,modality,order,metric,mean,p10,p50,p90
Movies,42,text,1,relative_delta,0.9735673069953918,0.8090990781784058,0.9500689506530762,1.1639716625213623
Movies,42,text,1,adjacent_cosine,0.7874308228492737,0.6692038178443909,0.8166080713272095,0.8602373600006104
Movies,42,text,1,cumulative_novelty,0.21256916224956512,0.13976265490055084,0.18339189887046814,0.33079618215560913
Movies,42,text,2,relative_delta,0.2865472733974457,0.22769352793693542,0.2764599919319153,0.3484203815460205
Movies,42,text,2,adjacent_cosine,0.9570924043655396,0.9393153190612793,0.9618120193481445,0.9741069674491882
Movies,42,text,2,cumulative_novelty,0.34438833594322205,0.22175446152687073,0.30827343463897705,0.5255533456802368
Movies,42,text,3,relative_delta,0.19549112021923065,0.1510424017906189,0.1912071406841278,0.24349182844161987
Movies,42,text,3,adjacent_cosine,0.980047345161438,0.9703812003135681,0.9817274212837219,0.9885987639427185
Movies,42,text,3,cumulative_novelty,0.44761115312576294,0.3028287887573242,0.4154925048351288,0.6434549689292908
Movies,42,visual,1,relative_delta,1.0246028900146484,0.8938278555870056,1.012885570526123,1.1723276376724243
Movies,42,visual,1,adjacent_cosine,0.7640262246131897,0.686083972454071,0.7768644094467163,0.8225730657577515
Movies,42,visual,1,cumulative_novelty,0.2359737604856491,0.17742693424224854,0.22313562035560608,0.31391602754592896
Movies,42,visual,2,relative_delta,0.36652320623397827,0.3000785708427429,0.35690373182296753,0.4465668797492981
Movies,42,visual,2,adjacent_cosine,0.9311196804046631,0.9003996253013611,0.9363901615142822,0.9550220966339111
Movies,42,visual,2,cumulative_novelty,0.41687092185020447,0.31552770733833313,0.3988114297389984,0.546194314956665
Movies,42,visual,3,relative_delta,0.24557125568389893,0.19255509972572327,0.23917141556739807,0.3073141276836395
Movies,42,visual,3,adjacent_cosine,0.9687587022781372,0.9527923464775085,0.9714151620864868,0.9814693927764893
Movies,42,visual,3,cumulative_novelty,0.5435003638267517,0.42211782932281494,0.5267437100410461,0.6911859512329102
Movies,43,text,1,relative_delta,0.9253629446029663,0.7965647578239441,0.9170972108840942,1.0634044408798218
Movies,43,text,1,adjacent_cosine,0.821688711643219,0.7774527668952942,0.8270281553268433,0.8595249652862549
Movies,43,text,1,cumulative_novelty,0.1783112734556198,0.14047501981258392,0.17297181487083435,0.22254720330238342
Movies,43,text,2,relative_delta,0.26921525597572327,0.22787649929523468,0.26319974660873413,0.317949116230011
Movies,43,text,2,adjacent_cosine,0.9630590677261353,0.9495177268981934,0.965396523475647,0.9740527272224426
Movies,43,text,2,cumulative_novelty,0.29564356803894043,0.22860918939113617,0.2869062125682831,0.3732030391693115
Movies,43,text,3,relative_delta,0.18524415791034698,0.14961296319961548,0.17721349000930786,0.23233753442764282
Movies,43,text,3,adjacent_cosine,0.9822278618812561,0.9730328321456909,0.9843012094497681,0.988810122013092
Movies,43,text,3,cumulative_novelty,0.39396119117736816,0.3085385262966156,0.3842393755912781,0.49215805530548096
Movies,43,visual,1,relative_delta,0.9839862585067749,0.8572849631309509,0.9762170314788818,1.117307186126709
Movies,43,visual,1,adjacent_cosine,0.7819468975067139,0.7175571322441101,0.7912620902061462,0.8342592120170593
Movies,43,visual,1,cumulative_novelty,0.21805308759212494,0.16574080288410187,0.20873790979385376,0.2824428379535675
Movies,43,visual,2,relative_delta,0.35550183057785034,0.2940881848335266,0.34945428371429443,0.4234943985939026
Movies,43,visual,2,adjacent_cosine,0.9354889988899231,0.9104061126708984,0.9389815330505371,0.9567751884460449
Movies,43,visual,2,cumulative_novelty,0.3930562734603882,0.30108746886253357,0.38076937198638916,0.5025736093521118
Movies,43,visual,3,relative_delta,0.2431744635105133,0.19013239443302155,0.2382856011390686,0.3025846779346466
Movies,43,visual,3,adjacent_cosine,0.969435453414917,0.9542538523674011,0.9716166257858276,0.9819332361221313
Movies,43,visual,3,cumulative_novelty,0.5215600728988647,0.40948769450187683,0.5096826553344727,0.6516587138175964
Movies,44,text,1,relative_delta,1.0374451875686646,0.8809250593185425,1.0288896560668945,1.2064927816390991
Movies,44,text,1,adjacent_cosine,0.743391752243042,0.6538385152816772,0.7536706924438477,0.8208332657814026
Movies,44,text,1,cumulative_novelty,0.25660818815231323,0.17916670441627502,0.24632927775382996,0.34616148471832275
Movies,44,text,2,relative_delta,0.3148176670074463,0.24778077006340027,0.2948048710823059,0.4077284038066864
Movies,44,text,2,adjacent_cosine,0.9477771520614624,0.9170124530792236,0.9565867185592651,0.9693261384963989
Movies,44,text,2,cumulative_novelty,0.40746983885765076,0.2969762086868286,0.39861932396888733,0.529353141784668
Movies,44,text,3,relative_delta,0.21270816028118134,0.15610800683498383,0.20236173272132874,0.28387460112571716
Movies,44,text,3,adjacent_cosine,0.9759894013404846,0.9597070217132568,0.9795311093330383,0.9878196120262146
Movies,44,text,3,cumulative_novelty,0.5137136578559875,0.39096084237098694,0.5033881664276123,0.6505119204521179
Movies,44,visual,1,relative_delta,0.9809188842773438,0.8563255667686462,0.9698684215545654,1.11871337890625
Movies,44,visual,1,adjacent_cosine,0.7787582278251648,0.7089536786079407,0.789897084236145,0.832316517829895
Movies,44,visual,1,cumulative_novelty,0.22124174237251282,0.16768349707126617,0.2101028859615326,0.2910463213920593
Movies,44,visual,2,relative_delta,0.3610460162162781,0.29941093921661377,0.3537244498729706,0.4306526184082031
Movies,44,visual,2,adjacent_cosine,0.9334394335746765,0.9074049592018127,0.9375014305114746,0.9552090167999268
Movies,44,visual,2,cumulative_novelty,0.39479610323905945,0.30451729893684387,0.38012078404426575,0.5059450268745422
Movies,44,visual,3,relative_delta,0.24379542469978333,0.18393966555595398,0.2346898317337036,0.31714197993278503
Movies,44,visual,3,adjacent_cosine,0.9688514471054077,0.9497473239898682,0.972465991973877,0.983083188533783
Movies,44,visual,3,cumulative_novelty,0.5218416452407837,0.4117186963558197,0.5080225467681885,0.6502591371536255
Grocery,42,text,1,relative_delta,1.0569987297058105,0.9133417010307312,1.047515630722046,1.2126792669296265
Grocery,42,text,1,adjacent_cosine,0.7473398447036743,0.664702832698822,0.757227897644043,0.8169872760772705
Grocery,42,text,1,cumulative_novelty,0.25266018509864807,0.1830126792192459,0.24277207255363464,0.335297167301178
Grocery,42,text,2,relative_delta,0.3575386703014374,0.28995516896247864,0.3473639488220215,0.43540722131729126
Grocery,42,text,2,adjacent_cosine,0.9341369867324829,0.9051911234855652,0.9396845698356628,0.9579446315765381
Grocery,42,text,2,cumulative_novelty,0.4186519682407379,0.3148069381713867,0.4064876139163971,0.5367441773414612
Grocery,42,text,3,relative_delta,0.24941860139369965,0.1936233937740326,0.24214917421340942,0.3140344023704529
Grocery,42,text,3,adjacent_cosine,0.967644214630127,0.9506981372833252,0.970690131187439,0.9812535047531128
Grocery,42,text,3,cumulative_novelty,0.5348652601242065,0.4166053533554077,0.521987795829773,0.6702656149864197
Grocery,42,visual,1,relative_delta,1.1053097248077393,0.8854494690895081,1.061734676361084,1.3506724834442139
Grocery,42,visual,1,adjacent_cosine,0.7263383269309998,0.6124034523963928,0.744611382484436,0.8160573244094849
Grocery,42,visual,1,cumulative_novelty,0.27366167306900024,0.18394267559051514,0.25538861751556396,0.3875964879989624
Grocery,42,visual,2,relative_delta,0.3925257623195648,0.2987987995147705,0.3806935250759125,0.5009295344352722
Grocery,42,visual,2,adjacent_cosine,0.9194595217704773,0.8745154738426208,0.9275530576705933,0.9553719758987427
Grocery,42,visual,2,cumulative_novelty,0.4443051517009735,0.3123953342437744,0.42328017950057983,0.6099059581756592
Grocery,42,visual,3,relative_delta,0.27766045928001404,0.20494066178798676,0.26950713992118835,0.35783064365386963
Grocery,42,visual,3,adjacent_cosine,0.959486722946167,0.935990035533905,0.963702917098999,0.9790094494819641
Grocery,42,visual,3,cumulative_novelty,0.559772253036499,0.4081483781337738,0.5396496653556824,0.7432248592376709
Grocery,43,text,1,relative_delta,1.1078163385391235,0.9604796171188354,1.1028803586959839,1.258542537689209
Grocery,43,text,1,adjacent_cosine,0.7220982313156128,0.6456060409545898,0.7306230068206787,0.7873892188072205
Grocery,43,text,1,cumulative_novelty,0.27790185809135437,0.21261073648929596,0.2693769633769989,0.35439392924308777
Grocery,43,text,2,relative_delta,0.37788110971450806,0.31101754307746887,0.36790716648101807,0.4560406804084778
Grocery,43,text,2,adjacent_cosine,0.9268142580986023,0.8960702419281006,0.9323906898498535,0.9516682028770447
Grocery,43,text,2,cumulative_novelty,0.45698314905166626,0.36566969752311707,0.44746387004852295,0.5611158013343811
Grocery,43,text,3,relative_delta,0.24920092523097992,0.18947628140449524,0.24321825802326202,0.31429362297058105
Grocery,43,text,3,adjacent_cosine,0.967661440372467,0.9506469368934631,0.970431923866272,0.9820483326911926
Grocery,43,text,3,cumulative_novelty,0.5695151090621948,0.4675105810165405,0.5599011182785034,0.6842469573020935
Grocery,43,visual,1,relative_delta,1.1198495626449585,0.9108812808990479,1.0864681005477905,1.356705665588379
Grocery,43,visual,1,adjacent_cosine,0.7071653008460999,0.6033432483673096,0.7232062220573425,0.7921123504638672
Grocery,43,visual,1,cumulative_novelty,0.2928347587585449,0.2078876495361328,0.27679377794265747,0.39665669202804565
Grocery,43,visual,2,relative_delta,0.4068039357662201,0.3121192157268524,0.39587461948394775,0.5157343149185181
Grocery,43,visual,2,adjacent_cosine,0.9137916564941406,0.867108166217804,0.9216718077659607,0.9513174891471863
Grocery,43,visual,2,cumulative_novelty,0.47380828857421875,0.3490144610404968,0.45749977231025696,0.6223114132881165
Grocery,43,visual,3,relative_delta,0.2784178853034973,0.2071841061115265,0.27324753999710083,0.3542218506336212
Grocery,43,visual,3,adjacent_cosine,0.9595022797584534,0.9372758269309998,0.9626681804656982,0.9785428643226624
Grocery,43,visual,3,cumulative_novelty,0.5933695435523987,0.44536229968070984,0.578986644744873,0.7617493271827698
Grocery,44,text,1,relative_delta,1.0487864017486572,0.8987091779708862,1.0397804975509644,1.2084081172943115
Grocery,44,text,1,adjacent_cosine,0.7485693693161011,0.664326012134552,0.7603771686553955,0.8184201121330261
Grocery,44,text,1,cumulative_novelty,0.2514306306838989,0.1815798580646515,0.23962286114692688,0.3356740176677704
Grocery,44,text,2,relative_delta,0.3442333936691284,0.2779262065887451,0.3344176709651947,0.42152392864227295
Grocery,44,text,2,adjacent_cosine,0.9388817548751831,0.9112395644187927,0.9440854787826538,0.9614011645317078
Grocery,44,text,2,cumulative_novelty,0.4097215533256531,0.3057706654071808,0.39889606833457947,0.5268539190292358
Grocery,44,text,3,relative_delta,0.2413405478000641,0.18517917394638062,0.2334553450345993,0.3073005676269531
Grocery,44,text,3,adjacent_cosine,0.9695945978164673,0.9527845978736877,0.9727437496185303,0.9828507304191589
Grocery,44,text,3,cumulative_novelty,0.5232049226760864,0.4034498333930969,0.5139080286026001,0.6550620794296265
Grocery,44,visual,1,relative_delta,1.0662378072738647,0.853508710861206,1.0239758491516113,1.314435601234436
Grocery,44,visual,1,adjacent_cosine,0.7318766713142395,0.6181782484054565,0.7517671585083008,0.821280300617218
Grocery,44,visual,1,cumulative_novelty,0.2681233286857605,0.1787196844816208,0.2482328712940216,0.38182175159454346
Grocery,44,visual,2,relative_delta,0.3976939618587494,0.2948797345161438,0.3744303584098816,0.5308541655540466
Grocery,44,visual,2,adjacent_cosine,0.9155586957931519,0.8590616583824158,0.929928183555603,0.9565216898918152
Grocery,44,visual,2,cumulative_novelty,0.421281099319458,0.2946123480796814,0.3998153507709503,0.5778307318687439
Grocery,44,visual,3,relative_delta,0.2963324189186096,0.21967294812202454,0.28259700536727905,0.38528355956077576
Grocery,44,visual,3,adjacent_cosine,0.9531039595603943,0.9257499575614929,0.960070013999939,0.9758704900741577
Grocery,44,visual,3,cumulative_novelty,0.5458840727806091,0.39751091599464417,0.5258181691169739,0.7243050932884216
