dataset,seed,variant,class,validation_support,M2_historical_f1,M2_1_f1,delta_M2_1_minus_M2_f1,precision,recall
Movies,42,M2.1-S,0,355,0.416289592760181,0.42038216560509556,0.004092572844914544,0.4835164835164835,0.37183098591549296
Movies,42,M2.1-S,1,1098,0.6385185185185185,0.6337972166998012,-0.004721301818717327,0.5624558927311221,0.7258652094717668
Movies,42,M2.1-S,2,363,0.37853949329359166,0.3826086956521739,0.004069202358582269,0.4036697247706422,0.36363636363636365
Movies,42,M2.1-S,3,277,0.7750865051903114,0.7725752508361204,-0.0025112543541909726,0.719626168224299,0.8339350180505415
Movies,42,M2.1-S,4,24,0.0,0.2222222222222222,0.2222222222222222,1.0,0.125
Movies,42,M2.1-S,5,82,0.1523809523809524,0.19672131147540983,0.04434035909445744,0.3,0.14634146341463414
Movies,42,M2.1-S,6,122,0.19875776397515527,0.3220338983050847,0.12327613432992945,0.3333333333333333,0.3114754098360656
Movies,42,M2.1-S,7,210,0.3670212765957447,0.3815028901734104,0.014481613577665697,0.4852941176470588,0.3142857142857143
Movies,42,M2.1-S,8,30,0.0625,0.3404255319148936,0.2779255319148936,0.47058823529411764,0.26666666666666666
Movies,42,M2.1-S,9,37,0.0,0.05263157894736842,0.05263157894736842,1.0,0.02702702702702703
Movies,42,M2.1-S,10,269,0.5893129770992367,0.5787106446776612,-0.010602332421575489,0.4849246231155779,0.7174721189591078
Movies,42,M2.1-S,11,88,0.1864406779661017,0.3611111111111111,0.1746704331450094,0.4642857142857143,0.29545454545454547
Movies,42,M2.1-S,12,23,0.5555555555555556,0.6666666666666666,0.11111111111111105,0.9230769230769231,0.5217391304347826
Movies,42,M2.1-S,13,43,0.5783132530120482,0.5348837209302325,-0.04342953208181566,0.5348837209302325,0.5348837209302325
Movies,42,M2.1-S,14,50,0.29333333333333333,0.38095238095238093,0.0876190476190476,0.47058823529411764,0.32
Movies,42,M2.1-S,15,47,0.15384615384615385,0.2857142857142857,0.13186813186813184,0.36666666666666664,0.23404255319148937
Movies,42,M2.1-S,16,38,0.0,0.0,0.0,0.0,0.0
Movies,42,M2.1-S,17,141,0.2897196261682243,0.352,0.062280373831775704,0.4036697247706422,0.3120567375886525
Movies,42,M2.1-S,18,23,0.0,0.08333333333333333,0.08333333333333333,1.0,0.043478260869565216
Movies,42,M2.1-S,19,14,0.0,0.0,0.0,0.0,0.0
Movies,42,M2.1-P,0,355,0.4344262295081967,0.4133738601823708,-0.02105236932582588,0.44884488448844884,0.38309859154929576
Movies,42,M2.1-P,1,1098,0.6430317848410758,0.6423413150893197,-0.0006904697517561287,0.5512067840834964,0.7695810564663024
Movies,42,M2.1-P,2,363,0.42216358839050133,0.3838383838383838,-0.03832520455211752,0.403030303030303,0.36639118457300274
Movies,42,M2.1-P,3,277,0.7640845070422535,0.7666098807495741,0.002525373707320644,0.7258064516129032,0.8122743682310469
Movies,42,M2.1-P,4,24,0.2222222222222222,0.15384615384615385,-0.06837606837606836,1.0,0.08333333333333333
Movies,42,M2.1-P,5,82,0.23423423423423423,0.24793388429752067,0.01369965006328644,0.38461538461538464,0.18292682926829268
Movies,42,M2.1-P,6,122,0.2604166666666667,0.3436123348017621,0.08319566813509544,0.37142857142857144,0.319672131147541
Movies,42,M2.1-P,7,210,0.39803439803439805,0.41935483870967744,0.021320440675279384,0.48148148148148145,0.37142857142857144
Movies,42,M2.1-P,8,30,0.4186046511627907,0.4,-0.018604651162790697,0.5,0.3333333333333333
Movies,42,M2.1-P,9,37,0.0,0.05263157894736842,0.05263157894736842,1.0,0.02702702702702703
Movies,42,M2.1-P,10,269,0.5930807248764415,0.56,-0.033080724876441425,0.57421875,0.5464684014869888
Movies,42,M2.1-P,11,88,0.3129251700680272,0.3333333333333333,0.02040816326530609,0.5,0.25
Movies,42,M2.1-P,12,23,0.5555555555555556,0.5555555555555556,0.0,0.7692307692307693,0.43478260869565216
Movies,42,M2.1-P,13,43,0.5952380952380952,0.5365853658536586,-0.058652729384436664,0.5641025641025641,0.5116279069767442
Movies,42,M2.1-P,14,50,0.2857142857142857,0.2857142857142857,0.0,0.4074074074074074,0.22
Movies,42,M2.1-P,15,47,0.29333333333333333,0.2,-0.09333333333333332,0.30434782608695654,0.14893617021276595
Movies,42,M2.1-P,16,38,0.0,0.0,0.0,0.0,0.0
Movies,42,M2.1-P,17,141,0.31759656652360513,0.36363636363636365,0.04603979711275852,0.3902439024390244,0.3404255319148936
Movies,42,M2.1-P,18,23,0.14814814814814814,0.08,-0.06814814814814814,0.5,0.043478260869565216
Movies,42,M2.1-P,19,14,0.0,0.0,0.0,0.0,0.0
Movies,43,M2.1-S,0,355,0.41736227045075125,0.39759036144578314,-0.019771909004968113,0.42718446601941745,0.37183098591549296
Movies,43,M2.1-S,1,1098,0.642393655371305,0.6417644966204198,-0.0006291587508852059,0.5265615878575598,0.8214936247723132
Movies,43,M2.1-S,2,363,0.3448275862068966,0.3682008368200837,0.023373250613187124,0.3728813559322034,0.36363636363636365
Movies,43,M2.1-S,3,277,0.8164665523156089,0.8123924268502581,-0.0040741254653507974,0.7763157894736842,0.851985559566787
Movies,43,M2.1-S,4,24,0.15384615384615385,0.0,-0.15384615384615385,0.0,0.0
Movies,43,M2.1-S,5,82,0.1941747572815534,0.25210084033613445,0.05792608305458105,0.40540540540540543,0.18292682926829268
Movies,43,M2.1-S,6,122,0.2694300518134715,0.29896907216494845,0.02953902035147693,0.4027777777777778,0.23770491803278687
Movies,43,M2.1-S,7,210,0.40625,0.40217391304347827,-0.0040760869565217295,0.46835443037974683,0.3523809523809524
Movies,43,M2.1-S,8,30,0.3333333333333333,0.17647058823529413,-0.15686274509803919,0.75,0.1
Movies,43,M2.1-S,9,37,0.0,0.0,0.0,0.0,0.0
Movies,43,M2.1-S,10,269,0.5753899480069324,0.5685884691848907,-0.00680147882204174,0.6111111111111112,0.5315985130111525
Movies,43,M2.1-S,11,88,0.13333333333333333,0.12121212121212122,-0.012121212121212116,0.5454545454545454,0.06818181818181818
Movies,43,M2.1-S,12,23,0.375,0.5142857142857142,0.13928571428571423,0.75,0.391304347826087
Movies,43,M2.1-S,13,43,0.6153846153846154,0.5806451612903226,-0.0347394540942928,0.54,0.627906976744186
Movies,43,M2.1-S,14,50,0.3783783783783784,0.22857142857142856,-0.14980694980694984,0.4,0.16
Movies,43,M2.1-S,15,47,0.04,0.0,-0.04,0.0,0.0
Movies,43,M2.1-S,16,38,0.0,0.0,0.0,0.0,0.0
Movies,43,M2.1-S,17,141,0.2647058823529412,0.31794871794871793,0.05324283559577675,0.5740740740740741,0.2198581560283688
Movies,43,M2.1-S,18,23,0.0,0.0,0.0,0.0,0.0
Movies,43,M2.1-S,19,14,0.0,0.0,0.0,0.0,0.0
Movies,43,M2.1-P,0,355,0.45042492917847027,0.38184663536776214,-0.06857829381070812,0.4295774647887324,0.3436619718309859
Movies,43,M2.1-P,1,1098,0.6453464534645347,0.6356932153392331,-0.00965323812530161,0.5340768277571252,0.785063752276867
Movies,43,M2.1-P,2,363,0.3670212765957447,0.3916256157635468,0.024604339167802136,0.35412026726057905,0.4380165289256198
Movies,43,M2.1-P,3,277,0.8041237113402062,0.8393782383419689,0.03525452700176268,0.804635761589404,0.8772563176895307
Movies,43,M2.1-P,4,24,0.14814814814814814,0.08,-0.06814814814814814,1.0,0.041666666666666664
Movies,43,M2.1-P,5,82,0.1935483870967742,0.22556390977443608,0.03201552267766189,0.29411764705882354,0.18292682926829268
Movies,43,M2.1-P,6,122,0.330188679245283,0.29441624365482233,-0.03577243559046067,0.38666666666666666,0.23770491803278687
Movies,43,M2.1-P,7,210,0.4020356234096692,0.4037854889589905,0.0017498655493213278,0.5981308411214953,0.3047619047619048
Movies,43,M2.1-P,8,30,0.42105263157894735,0.32432432432432434,-0.096728307254623,0.8571428571428571,0.2
Movies,43,M2.1-P,9,37,0.0,0.0,0.0,0.0,0.0
Movies,43,M2.1-P,10,269,0.5905631659056316,0.574757281553398,-0.015805884352233623,0.6016260162601627,0.550185873605948
Movies,43,M2.1-P,11,88,0.1746031746031746,0.23728813559322035,0.06268496099004575,0.4666666666666667,0.1590909090909091
Movies,43,M2.1-P,12,23,0.5555555555555556,0.5263157894736842,-0.0292397660818714,0.6666666666666666,0.43478260869565216
Movies,43,M2.1-P,13,43,0.6382978723404256,0.6086956521739131,-0.029602220166512483,0.5714285714285714,0.6511627906976745
Movies,43,M2.1-P,14,50,0.4578313253012048,0.41025641025641024,-0.04757491504479455,0.5714285714285714,0.32
Movies,43,M2.1-P,15,47,0.03571428571428571,0.0,-0.03571428571428571,0.0,0.0
Movies,43,M2.1-P,16,38,0.0,0.0,0.0,0.0,0.0
Movies,43,M2.1-P,17,141,0.34934497816593885,0.3474178403755869,-0.0019271377903519737,0.5138888888888888,0.2624113475177305
Movies,43,M2.1-P,18,23,0.08,0.0,-0.08,0.0,0.0
Movies,43,M2.1-P,19,14,0.0,0.0,0.0,0.0,0.0
Movies,44,M2.1-S,0,355,0.4563552833078101,0.36042402826855124,-0.09593125503925887,0.4834123222748815,0.28732394366197184
Movies,44,M2.1-S,1,1098,0.6228034327748263,0.63732129420617,0.014517861431343704,0.5429487179487179,0.7714025500910747
Movies,44,M2.1-S,2,363,0.41656210790464243,0.3977110157367668,-0.018851092167875616,0.41369047619047616,0.38292011019283745
Movies,44,M2.1-S,3,277,0.8110918544194108,0.8266199649737302,0.015528110554319463,0.8027210884353742,0.851985559566787
Movies,44,M2.1-S,4,24,0.4375,0.2857142857142857,-0.1517857142857143,1.0,0.16666666666666666
Movies,44,M2.1-S,5,82,0.32558139534883723,0.3076923076923077,-0.017889087656529523,0.4166666666666667,0.24390243902439024
Movies,44,M2.1-S,6,122,0.34101382488479265,0.31718061674008813,-0.02383320814470452,0.34285714285714286,0.29508196721311475
Movies,44,M2.1-S,7,210,0.4377880184331797,0.4427083333333333,0.0049203149001535995,0.4885057471264368,0.40476190476190477
Movies,44,M2.1-S,8,30,0.4888888888888889,0.46153846153846156,-0.02735042735042731,1.0,0.3
Movies,44,M2.1-S,9,37,0.0,0.0,0.0,0.0,0.0
Movies,44,M2.1-S,10,269,0.5656192236598891,0.5811965811965812,0.015577357536692094,0.5379746835443038,0.6319702602230484
Movies,44,M2.1-S,11,88,0.460431654676259,0.31343283582089554,-0.14699881885536348,0.45652173913043476,0.23863636363636365
Movies,44,M2.1-S,12,23,0.47368421052631576,0.5714285714285714,0.09774436090225563,0.5384615384615384,0.6086956521739131
Movies,44,M2.1-S,13,43,0.5393258426966292,0.5934065934065934,0.05408075070996421,0.5625,0.627906976744186
Movies,44,M2.1-S,14,50,0.44680851063829785,0.4772727272727273,0.030464216634429442,0.5526315789473685,0.42
Movies,44,M2.1-S,15,47,0.1875,0.3614457831325301,0.17394578313253012,0.4166666666666667,0.3191489361702128
Movies,44,M2.1-S,16,38,0.0,0.0,0.0,0.0,0.0
Movies,44,M2.1-S,17,141,0.3464566929133858,0.28699551569506726,-0.05946117721831856,0.3902439024390244,0.22695035460992907
Movies,44,M2.1-S,18,23,0.14814814814814814,0.08333333333333333,-0.06481481481481481,1.0,0.043478260869565216
Movies,44,M2.1-S,19,14,0.0,0.0,0.0,0.0,0.0
Movies,44,M2.1-P,0,355,0.4251207729468599,0.3797909407665505,-0.04532983218030939,0.4977168949771689,0.30704225352112674
Movies,44,M2.1-P,1,1098,0.6383141762452107,0.6354206684594699,-0.002893507785740823,0.5495016611295681,0.7531876138433515
Movies,44,M2.1-P,2,363,0.4,0.36033519553072624,-0.039664804469273784,0.3654390934844193,0.35537190082644626
Movies,44,M2.1-P,3,277,0.8202443280977313,0.8347826086956521,0.014538280597920838,0.8053691275167785,0.8664259927797834
Movies,44,M2.1-P,4,24,0.2857142857142857,0.2222222222222222,-0.06349206349206349,1.0,0.125
Movies,44,M2.1-P,5,82,0.2556390977443609,0.31007751937984496,0.05443842163548407,0.425531914893617,0.24390243902439024
Movies,44,M2.1-P,6,122,0.33816425120772947,0.334841628959276,-0.0033226222484534773,0.37373737373737376,0.30327868852459017
Movies,44,M2.1-P,7,210,0.46601941747572817,0.46973365617433416,0.003714238698605987,0.47783251231527096,0.46190476190476193
Movies,44,M2.1-P,8,30,0.3157894736842105,0.23529411764705882,-0.08049535603715169,1.0,0.13333333333333333
Movies,44,M2.1-P,9,37,0.0,0.0,0.0,0.0,0.0
Movies,44,M2.1-P,10,269,0.584873949579832,0.581081081081081,-0.0037928684987509342,0.5325077399380805,0.6394052044609665
Movies,44,M2.1-P,11,88,0.27350427350427353,0.31007751937984496,0.036573245875571425,0.4878048780487805,0.22727272727272727
Movies,44,M2.1-P,12,23,0.46153846153846156,0.6153846153846154,0.15384615384615385,0.5517241379310345,0.6956521739130435
Movies,44,M2.1-P,13,43,0.5652173913043478,0.6021505376344086,0.03693314633006084,0.56,0.6511627906976745
Movies,44,M2.1-P,14,50,0.4578313253012048,0.4948453608247423,0.03701403552353749,0.5106382978723404,0.48
Movies,44,M2.1-P,15,47,0.21052631578947367,0.38961038961038963,0.17908407382091596,0.5,0.3191489361702128
Movies,44,M2.1-P,16,38,0.0,0.0,0.0,0.0,0.0
Movies,44,M2.1-P,17,141,0.24413145539906103,0.30357142857142855,0.059439973172367516,0.40963855421686746,0.24113475177304963
Movies,44,M2.1-P,18,23,0.07692307692307693,0.0,-0.07692307692307693,0.0,0.0
Movies,44,M2.1-P,19,14,0.0,0.0,0.0,0.0,0.0
Grocery,42,M2.1-S,0,45,0.7407407407407407,0.7674418604651163,0.02670111972437561,0.8048780487804879,0.7333333333333333
Grocery,42,M2.1-S,1,321,0.9124423963133641,0.9076923076923077,-0.004750088621056414,0.8966565349544073,0.9190031152647975
Grocery,42,M2.1-S,2,26,0.4888888888888889,0.38095238095238093,-0.10793650793650794,0.5,0.3076923076923077
Grocery,42,M2.1-S,3,144,0.7919463087248322,0.7730496453900709,-0.018896663334761254,0.7898550724637681,0.7569444444444444
Grocery,42,M2.1-S,4,54,0.19047619047619047,0.136986301369863,-0.05348988910632746,0.2631578947368421,0.09259259259259259
Grocery,42,M2.1-S,5,168,0.6747720364741642,0.6309148264984227,-0.043857209975741496,0.6711409395973155,0.5952380952380952
Grocery,42,M2.1-S,6,14,0.0,0.13333333333333333,0.13333333333333333,1.0,0.07142857142857142
Grocery,42,M2.1-S,7,237,0.9109311740890689,0.8871287128712871,-0.023802461217781734,0.835820895522388,0.9451476793248945
Grocery,42,M2.1-S,8,257,0.8507462686567164,0.8620037807183365,0.011257512061620067,0.8382352941176471,0.8871595330739299
Grocery,42,M2.1-S,9,226,0.6806526806526807,0.6551724137931034,-0.025480266859577272,0.7388888888888889,0.588495575221239
Grocery,42,M2.1-S,10,85,1.0,0.9824561403508771,-0.01754385964912286,0.9767441860465116,0.9882352941176471
Grocery,42,M2.1-S,11,90,0.8439306358381503,0.8176795580110497,-0.026251077827100566,0.8131868131868132,0.8222222222222222
Grocery,42,M2.1-S,12,483,0.8685831622176592,0.861900097943193,-0.006683064274466188,0.8178438661710037,0.9109730848861284
Grocery,42,M2.1-S,13,284,0.927689594356261,0.916083916083916,-0.011605678272344933,0.9097222222222222,0.9225352112676056
Grocery,42,M2.1-S,14,175,0.8045325779036827,0.7967032967032966,-0.007829281200386062,0.7671957671957672,0.8285714285714286
Grocery,42,M2.1-S,15,182,0.9251336898395722,0.9005524861878453,-0.02458120365172689,0.9055555555555556,0.8956043956043956
Grocery,42,M2.1-S,16,215,0.821256038647343,0.7884615384615384,-0.03279450018580454,0.8159203980099502,0.7627906976744186
Grocery,42,M2.1-S,17,270,0.7486437613019892,0.7372400756143668,-0.0114036856876224,0.752895752895753,0.7222222222222222
Grocery,42,M2.1-S,18,47,0.6976744186046512,0.6422018348623854,-0.055472583742265824,0.5645161290322581,0.7446808510638298
Grocery,42,M2.1-S,19,92,0.7219512195121951,0.66,-0.061951219512195066,0.6111111111111112,0.717391304347826
Grocery,42,M2.1-P,0,45,0.7529411764705882,0.7111111111111111,-0.04183006535947709,0.7111111111111111,0.7111111111111111
Grocery,42,M2.1-P,1,321,0.911042944785276,0.8983308042488619,-0.012712140536414118,0.8757396449704142,0.9221183800623053
Grocery,42,M2.1-P,2,26,0.42857142857142855,0.4,-0.028571428571428525,0.47368421052631576,0.34615384615384615
Grocery,42,M2.1-P,3,144,0.7526132404181185,0.7615658362989324,0.008952595880813874,0.781021897810219,0.7430555555555556
Grocery,42,M2.1-P,4,54,0.05128205128205128,0.2391304347826087,0.18784838350055744,0.2894736842105263,0.2037037037037037
Grocery,42,M2.1-P,5,168,0.6435331230283912,0.6332288401253918,-0.01030428290299934,0.6688741721854304,0.6011904761904762
Grocery,42,M2.1-P,6,14,0.23529411764705882,0.42105263157894735,0.18575851393188852,0.8,0.2857142857142857
Grocery,42,M2.1-P,7,237,0.926530612244898,0.8762278978388998,-0.050302714405998206,0.8198529411764706,0.9409282700421941
Grocery,42,M2.1-P,8,257,0.8631984585741811,0.8722986247544204,0.009100166180239344,0.8809523809523809,0.8638132295719845
Grocery,42,M2.1-P,9,226,0.6538461538461539,0.6632911392405063,0.009444985394352456,0.7751479289940828,0.5796460176991151
Grocery,42,M2.1-P,10,85,0.9940828402366864,0.9824561403508771,-0.011626699885809222,0.9767441860465116,0.9882352941176471
Grocery,42,M2.1-P,11,90,0.8021978021978022,0.8,-0.00219780219780219,0.88,0.7333333333333333
Grocery,42,M2.1-P,12,483,0.8729508196721312,0.8611111111111112,-0.011839708561020013,0.8266666666666667,0.8985507246376812
Grocery,42,M2.1-P,13,284,0.925476603119584,0.9214285714285714,-0.0040480316910126435,0.9347826086956522,0.9084507042253521
Grocery,42,M2.1-P,14,175,0.7956403269754768,0.8010899182561307,0.00544959128065392,0.765625,0.84
Grocery,42,M2.1-P,15,182,0.9234972677595629,0.9081081081081082,-0.015389159651454709,0.8936170212765957,0.9230769230769231
Grocery,42,M2.1-P,16,215,0.8169014084507042,0.7891156462585034,-0.027785762192200858,0.7699115044247787,0.8093023255813954
Grocery,42,M2.1-P,17,270,0.7539823008849558,0.7435897435897436,-0.010392557295212157,0.7355072463768116,0.7518518518518519
Grocery,42,M2.1-P,18,47,0.693069306930693,0.6666666666666666,-0.02640264026402639,0.6346153846153846,0.7021276595744681
Grocery,42,M2.1-P,19,92,0.696969696969697,0.6594594594594595,-0.03751023751023752,0.6559139784946236,0.6630434782608695
Grocery,43,M2.1-S,0,45,0.7142857142857143,0.6904761904761905,-0.023809523809523836,0.7435897435897436,0.6444444444444445
Grocery,43,M2.1-S,1,320,0.9171779141104295,0.9028213166144201,-0.014356597496009371,0.9056603773584906,0.9
Grocery,43,M2.1-S,2,26,0.18181818181818182,0.20512820512820512,0.023310023310023298,0.3076923076923077,0.15384615384615385
Grocery,43,M2.1-S,3,144,0.7889273356401384,0.7744107744107744,-0.014516561229363956,0.7516339869281046,0.7986111111111112
Grocery,43,M2.1-S,4,54,0.1095890410958904,0.16216216216216217,0.052573121066271766,0.3,0.1111111111111111
Grocery,43,M2.1-S,5,168,0.6645569620253164,0.5967213114754099,-0.06783565054990659,0.6642335766423357,0.5416666666666666
Grocery,43,M2.1-S,6,14,0.0,0.25,0.25,1.0,0.14285714285714285
Grocery,43,M2.1-S,7,237,0.889795918367347,0.8948453608247423,0.005049442457395359,0.875,0.9156118143459916
Grocery,43,M2.1-S,8,257,0.8831168831168831,0.8716981132075472,-0.01141876990933588,0.8461538461538461,0.8988326848249028
Grocery,43,M2.1-S,9,226,0.7313769751693002,0.7055961070559611,-0.025780868113339128,0.7837837837837838,0.6415929203539823
Grocery,43,M2.1-S,10,84,1.0,0.9940828402366864,-0.00591715976331364,0.9882352941176471,1.0
Grocery,43,M2.1-S,11,90,0.7386363636363636,0.7868852459016393,0.04824888226527568,0.7741935483870968,0.8
Grocery,43,M2.1-S,12,483,0.8678102926337034,0.8656716417910447,-0.0021386508426586293,0.8333333333333334,0.9006211180124224
Grocery,43,M2.1-S,13,285,0.931740614334471,0.9299145299145299,-0.001826084419941032,0.9066666666666666,0.9543859649122807
Grocery,43,M2.1-S,14,176,0.8148148148148148,0.810958904109589,-0.003855910705225729,0.783068783068783,0.8409090909090909
Grocery,43,M2.1-S,15,182,0.8882978723404256,0.8954423592493298,0.007144486908904235,0.8743455497382199,0.9175824175824175
Grocery,43,M2.1-S,16,215,0.7889908256880734,0.8,0.011009174311926606,0.83,0.772093023255814
Grocery,43,M2.1-S,17,270,0.7686703096539163,0.7428571428571429,-0.025813166796773368,0.68,0.8185185185185185
Grocery,43,M2.1-S,18,47,0.6190476190476191,0.5977011494252874,-0.021346469622331665,0.65,0.5531914893617021
Grocery,43,M2.1-S,19,92,0.7,0.7241379310344828,0.024137931034482807,0.7682926829268293,0.6847826086956522
Grocery,43,M2.1-P,0,45,0.7654320987654321,0.6265060240963856,-0.1389260746690465,0.6842105263157895,0.5777777777777777
Grocery,43,M2.1-P,1,320,0.9102167182662538,0.9044006069802731,-0.005816111285980696,0.8790560471976401,0.93125
Grocery,43,M2.1-P,2,26,0.2777777777777778,0.12903225806451613,-0.14874551971326166,0.4,0.07692307692307693
Grocery,43,M2.1-P,3,144,0.7574750830564784,0.7748344370860927,0.017359354029614305,0.740506329113924,0.8125
Grocery,43,M2.1-P,4,54,0.2926829268292683,0.11940298507462686,-0.1732799417546414,0.3076923076923077,0.07407407407407407
Grocery,43,M2.1-P,5,168,0.6299694189602446,0.5656565656565656,-0.06431285330367897,0.6511627906976745,0.5
Grocery,43,M2.1-P,6,14,0.0,0.0,0.0,0.0,0.0
Grocery,43,M2.1-P,7,237,0.889344262295082,0.8866799204771372,-0.0026643418179448375,0.8383458646616542,0.9409282700421941
Grocery,43,M2.1-P,8,257,0.8754716981132076,0.8667917448405253,-0.008679953272682228,0.8369565217391305,0.8988326848249028
Grocery,43,M2.1-P,9,226,0.7168949771689498,0.7142857142857143,-0.002609262883235486,0.7731958762886598,0.6637168141592921
Grocery,43,M2.1-P,10,84,1.0,0.9824561403508771,-0.01754385964912286,0.9655172413793104,1.0
Grocery,43,M2.1-P,11,90,0.7374301675977654,0.73224043715847,-0.005189730439295381,0.7204301075268817,0.7444444444444445
Grocery,43,M2.1-P,12,483,0.8703703703703703,0.8640973630831643,-0.006273007287206034,0.8469184890656064,0.8819875776397516
Grocery,43,M2.1-P,13,285,0.9367521367521368,0.9324090121317158,-0.004343124620420968,0.9212328767123288,0.9438596491228071
Grocery,43,M2.1-P,14,176,0.8268156424581006,0.8093994778067886,-0.017416164651312016,0.748792270531401,0.8806818181818182
Grocery,43,M2.1-P,15,182,0.8783068783068783,0.9020618556701031,0.02375497736322485,0.8495145631067961,0.9615384615384616
Grocery,43,M2.1-P,16,215,0.794392523364486,0.7764705882352941,-0.017921935129191824,0.7857142857142857,0.7674418604651163
Grocery,43,M2.1-P,17,270,0.7783985102420856,0.7446808510638298,-0.033717659178255865,0.7142857142857143,0.7777777777777778
Grocery,43,M2.1-P,18,47,0.5869565217391305,0.5974025974025974,0.010446075663466892,0.7666666666666667,0.48936170212765956
Grocery,43,M2.1-P,19,92,0.7473684210526316,0.6826347305389222,-0.06473369051370936,0.76,0.6195652173913043
Grocery,44,M2.1-S,0,45,0.6575342465753424,0.4857142857142857,-0.17181996086105672,0.68,0.37777777777777777
Grocery,44,M2.1-S,1,321,0.8996960486322189,0.8981481481481481,-0.001547900484070719,0.8899082568807339,0.9065420560747663
Grocery,44,M2.1-S,2,26,0.35,0.2,-0.14999999999999997,0.75,0.11538461538461539
Grocery,44,M2.1-S,3,144,0.7741935483870968,0.7849829351535836,0.010789386766486886,0.7718120805369127,0.7986111111111112
Grocery,44,M2.1-S,4,54,0.16470588235294117,0.17142857142857143,0.006722689075630256,0.375,0.1111111111111111
Grocery,44,M2.1-S,5,168,0.6426426426426426,0.6158940397350994,-0.026748602907543217,0.6940298507462687,0.5535714285714286
Grocery,44,M2.1-S,6,14,0.0,0.0,0.0,0.0,0.0
Grocery,44,M2.1-S,7,237,0.9008264462809917,0.889795918367347,-0.011030527913644783,0.8616600790513834,0.919831223628692
Grocery,44,M2.1-S,8,257,0.8841698841698842,0.8485981308411215,-0.03557175332876272,0.8165467625899281,0.8832684824902723
Grocery,44,M2.1-S,9,226,0.7178329571106095,0.6921241050119332,-0.025708852098676238,0.7512953367875648,0.6415929203539823
Grocery,44,M2.1-S,10,84,0.9882352941176471,0.9880952380952381,-0.0001400560224089631,0.9880952380952381,0.9880952380952381
Grocery,44,M2.1-S,11,90,0.7904191616766467,0.7294117647058823,-0.061007396970764405,0.775,0.6888888888888889
Grocery,44,M2.1-S,12,483,0.8904522613065327,0.873046875,-0.017405386306532655,0.8262476894639557,0.9254658385093167
Grocery,44,M2.1-S,13,285,0.9262435677530018,0.9284467713787086,0.0022032036257068066,0.9236111111111112,0.9333333333333333
Grocery,44,M2.1-S,14,175,0.8390804597701149,0.8579088471849866,0.018828387414871695,0.8080808080808081,0.9142857142857143
Grocery,44,M2.1-S,15,182,0.9035812672176309,0.8864864864864865,-0.017094780731144343,0.8723404255319149,0.9010989010989011
Grocery,44,M2.1-S,16,215,0.7699530516431925,0.7950617283950617,0.02510867675186923,0.8473684210526315,0.7488372093023256
Grocery,44,M2.1-S,17,270,0.6943396226415094,0.6950596252129472,0.0007200025714377833,0.6435331230283912,0.7555555555555555
Grocery,44,M2.1-S,18,47,0.6391752577319587,0.5833333333333334,-0.05584192439862534,0.5714285714285714,0.5957446808510638
Grocery,44,M2.1-S,19,92,0.7604166666666666,0.7357512953367875,-0.024665371329879116,0.7029702970297029,0.7717391304347826
Grocery,44,M2.1-P,0,45,0.6285714285714286,0.5263157894736842,-0.10225563909774438,0.6451612903225806,0.4444444444444444
Grocery,44,M2.1-P,1,321,0.9057187017001546,0.8987730061349694,-0.006945695565185206,0.8851963746223565,0.9127725856697819
Grocery,44,M2.1-P,2,26,0.25,0.07407407407407407,-0.17592592592592593,1.0,0.038461538461538464
Grocery,44,M2.1-P,3,144,0.784452296819788,0.803921568627451,0.019469271807663002,0.7592592592592593,0.8541666666666666
Grocery,44,M2.1-P,4,54,0.1794871794871795,0.2028985507246377,0.023411371237458206,0.4666666666666667,0.12962962962962962
Grocery,44,M2.1-P,5,168,0.6005509641873278,0.5841269841269842,-0.016423980060343624,0.6258503401360545,0.5476190476190477
Grocery,44,M2.1-P,6,14,0.0,0.0,0.0,0.0,0.0
Grocery,44,M2.1-P,7,237,0.907563025210084,0.8936170212765957,-0.013946003933488327,0.9012875536480687,0.8860759493670886
Grocery,44,M2.1-P,8,257,0.8679245283018868,0.8549905838041432,-0.012933944497743655,0.8284671532846716,0.8832684824902723
Grocery,44,M2.1-P,9,226,0.7142857142857143,0.6796116504854369,-0.03467406380027738,0.7526881720430108,0.6194690265486725
Grocery,44,M2.1-P,10,84,0.9822485207100592,0.9880952380952381,0.005846717385178946,0.9880952380952381,0.9880952380952381
Grocery,44,M2.1-P,11,90,0.7530864197530864,0.7441860465116279,-0.008900373241458537,0.7804878048780488,0.7111111111111111
Grocery,44,M2.1-P,12,483,0.88,0.8645937813440321,-0.015406218655967918,0.8385214007782101,0.8923395445134575
Grocery,44,M2.1-P,13,285,0.9359430604982206,0.9328621908127208,-0.0030808696854998097,0.9395017793594306,0.9263157894736842
Grocery,44,M2.1-P,14,175,0.8609625668449198,0.853185595567867,-0.007776971277052791,0.8279569892473119,0.88
Grocery,44,M2.1-P,15,182,0.898936170212766,0.8789473684210526,-0.019988801791713362,0.8434343434343434,0.9175824175824175
Grocery,44,M2.1-P,16,215,0.7785888077858881,0.7919799498746867,0.013391142088798547,0.8586956521739131,0.7348837209302326
Grocery,44,M2.1-P,17,270,0.6936026936026936,0.6988352745424293,0.005232580939735776,0.6344410876132931,0.7777777777777778
Grocery,44,M2.1-P,18,47,0.6373626373626373,0.5607476635514018,-0.0766149738112355,0.5,0.6382978723404256
Grocery,44,M2.1-P,19,92,0.7225130890052356,0.714975845410628,-0.007537243594607612,0.6434782608695652,0.8043478260869565
