dataset,seed,mode,shuffle_seed,val_acc,val_macro_f1,delta_val_acc_vs_full,delta_val_macro_f1_vs_full,retrieval_relative_change_mean,final_z_relative_change_mean,attention_l1_change_mean,stage12_max_abs_error
Movies,42,assimilation_off,,0.5002999305725098,0.30155366496547664,-0.025194942951202393,-0.035364691762289735,0.0,0.4791070520877838,0.0,0.0
Movies,42,uniform_node,,0.5125975012779236,0.31316028167483057,-0.012897372245788574,-0.023758075052935812,0.0,0.22419457137584686,0.0,0.0
Movies,42,dimension_shuffle,7311,0.48170366883277893,0.29609794434675607,-0.04379120469093323,-0.04082041238101031,0.0,0.5918012261390686,0.0,0.0
Movies,42,provenance_off,,0.5023995041847229,0.3119458034571876,-0.023095369338989258,-0.02497255327057879,0.5963918566703796,0.2599429488182068,0.501721978187561,0.0
Movies,42,provenance_shuffle,3407,0.523395299911499,0.33748306803273687,-0.0020995736122131348,0.0005647113049704888,0.22105854749679565,0.09909095615148544,0.14595507085323334,0.0
Movies,42,provenance_shuffle,3408,0.5227954387664795,0.3398774533537013,-0.002699434757232666,0.0029590966259349094,0.22149589657783508,0.09876851737499237,0.14530113339424133,0.0
Movies,42,provenance_shuffle,3409,0.5191961526870728,0.3338048235452574,-0.006298720836639404,-0.003113533182508954,0.22139886021614075,0.09899701178073883,0.14557935297489166,0.0
Movies,42,order_mismatch,,0.4481103718280792,0.29539698271792797,-0.07738450169563293,-0.04152137400983841,0.8969107866287231,0.4688411056995392,0.6643305420875549,0.0
Movies,43,assimilation_off,,0.4994001090526581,0.2657475712877929,-0.026694685220718384,-0.04832066775977195,0.0,0.4057493209838867,0.0,0.0
Movies,43,uniform_node,,0.5203959345817566,0.29068926634869696,-0.005698859691619873,-0.023378972698867906,0.0,0.1835312396287918,0.0,0.0
Movies,43,dimension_shuffle,7311,0.48560288548469543,0.23807440268464913,-0.04049190878868103,-0.07599383636291573,0.0,0.4959600567817688,0.0,0.0
Movies,43,provenance_off,,0.5185962915420532,0.31268000488829145,-0.007498502731323242,-0.001388234159273416,0.528732419013977,0.203787162899971,0.4496701955795288,0.0
Movies,43,provenance_shuffle,3407,0.523395299911499,0.3032098158383172,-0.0026994943618774414,-0.01085842320924768,0.20828202366828918,0.08551765978336334,0.14066243171691895,0.0
Movies,43,provenance_shuffle,3408,0.5194960832595825,0.30544954239061733,-0.006598711013793945,-0.008618696656947533,0.207933247089386,0.08559216558933258,0.14044958353042603,0.0
Movies,43,provenance_shuffle,3409,0.5230953693389893,0.3077833627149941,-0.002999424934387207,-0.0062848763325707435,0.20777153968811035,0.0849233865737915,0.1393788903951645,0.0
Movies,43,order_mismatch,,0.4775044918060303,0.2948861835376888,-0.04859030246734619,-0.01918205550987606,0.8223010897636414,0.38349753618240356,0.5483863353729248,0.0
Movies,44,assimilation_off,,0.5029994249343872,0.30782598251155646,-0.029394090175628662,-0.04613499200452581,0.0,0.44063568115234375,0.0,0.0
Movies,44,uniform_node,,0.531193733215332,0.345061228398763,-0.0011997818946838379,-0.008899746117319252,0.0,0.1649024337530136,0.0,0.0
Movies,44,dimension_shuffle,7311,0.5029994249343872,0.32168421532167546,-0.029394090175628662,-0.03227675919440681,0.0,0.511734664440155,0.0,0.0
Movies,44,provenance_off,,0.526694655418396,0.33653163855261836,-0.005698859691619873,-0.01742933596346391,0.5944886803627014,0.24300134181976318,0.562301516532898,0.0
Movies,44,provenance_shuffle,3407,0.5242951512336731,0.34699570093344007,-0.008098363876342773,-0.006965273582642206,0.24396531283855438,0.10735537111759186,0.15060782432556152,0.0
Movies,44,provenance_shuffle,3408,0.5203959345817566,0.34807874397421756,-0.011997580528259277,-0.005882230541864708,0.24257326126098633,0.10684321075677872,0.1490810513496399,0.0
Movies,44,provenance_shuffle,3409,0.5215956568717957,0.34479026064490453,-0.010797858238220215,-0.009170713871177738,0.2443372756242752,0.10715101659297943,0.15022987127304077,0.0
Movies,44,order_mismatch,,0.46040791273117065,0.2854562742135608,-0.07198560237884521,-0.06850470030252148,0.9172798991203308,0.4708711504936218,0.7352967858314514,0.0
Grocery,42,assimilation_off,,0.7370424866676331,0.6605117939654532,-0.07232791185379028,-0.06995134029498917,0.0,0.5524564981460571,0.0,0.0
Grocery,42,uniform_node,,0.7877013087272644,0.7082547391642193,-0.021669089794158936,-0.022208395096223077,0.0,0.3685709536075592,0.0,0.0
Grocery,42,dimension_shuffle,7311,0.6515373587608337,0.5922635561687623,-0.1578330397605896,-0.13819957809168015,0.0,0.7115722894668579,0.0,0.0
Grocery,42,provenance_off,,0.7762811183929443,0.6967045376614631,-0.033089280128479004,-0.033758596598979285,0.5673884153366089,0.2373664826154709,0.4153883457183838,0.0
Grocery,42,provenance_shuffle,3407,0.7616398334503174,0.6776919088768467,-0.04773056507110596,-0.05277122538359569,0.44123631715774536,0.24045586585998535,0.23027850687503815,0.0
Grocery,42,provenance_shuffle,3408,0.7557833194732666,0.6854455743668615,-0.05358707904815674,-0.045017559893580916,0.4393421709537506,0.23994213342666626,0.22869396209716797,0.0
Grocery,42,provenance_shuffle,3409,0.7543191909790039,0.6684559092257945,-0.055051207542419434,-0.06200722503464795,0.4370150566101074,0.23767687380313873,0.22740909457206726,0.0
Grocery,42,order_mismatch,,0.7177159786224365,0.6301893955344874,-0.09165441989898682,-0.10027373872595502,0.6884685754776001,0.3686315715312958,0.4930714964866638,0.0
Grocery,43,assimilation_off,,0.7352855205535889,0.6300117090722197,-0.07467055320739746,-0.050560456427960254,0.0,0.5334517359733582,0.0,0.0
Grocery,43,uniform_node,,0.8026354312896729,0.6815830544303809,-0.0073206424713134766,0.0010108889302009594,0.0,0.29083189368247986,0.0,0.0
Grocery,43,dimension_shuffle,7311,0.7112737894058228,0.5974051146113268,-0.09868228435516357,-0.08316705088885312,0.0,0.6288551092147827,0.0,0.0
Grocery,43,provenance_off,,0.7824304699897766,0.6699337698381669,-0.027525603771209717,-0.010638395662013078,0.5304664373397827,0.22732941806316376,0.45632946491241455,0.0
Grocery,43,provenance_shuffle,3407,0.7809663414955139,0.6600574028634343,-0.028989732265472412,-0.020514762636745676,0.410087913274765,0.21168506145477295,0.29315805435180664,0.0
Grocery,43,provenance_shuffle,3408,0.7789165377616882,0.661637023662079,-0.031039535999298096,-0.018935141838100966,0.40846189856529236,0.21071909368038177,0.29055145382881165,0.0
Grocery,43,provenance_shuffle,3409,0.7677891850471497,0.6555632492967839,-0.04216688871383667,-0.02500891620339607,0.4079239070415497,0.21025094389915466,0.2917255163192749,0.0
Grocery,43,order_mismatch,,0.7203513979911804,0.6105979946701259,-0.08960467576980591,-0.06997417083005408,0.7030351161956787,0.39071860909461975,0.6041665077209473,0.0
Grocery,44,assimilation_off,,0.7355783581733704,0.6249823363510658,-0.06910687685012817,-0.05235457279191713,0.0,0.5395880341529846,0.0,0.0
Grocery,44,uniform_node,,0.8035138845443726,0.6900063023736998,-0.0011713504791259766,0.012669393230716808,0.0,0.3157075047492981,0.0,0.0
Grocery,44,dimension_shuffle,7311,0.7329428791999817,0.6150008061150131,-0.07174235582351685,-0.06233610302796988,0.0,0.6376791000366211,0.0,0.0
Grocery,44,provenance_off,,0.7906295657157898,0.6734991289850739,-0.01405566930770874,-0.003837780157909032,0.5460131764411926,0.22366470098495483,0.46257442235946655,0.0
Grocery,44,provenance_shuffle,3407,0.7967789173126221,0.6767074559079356,-0.007906317710876465,-0.0006294532350473725,0.31451302766799927,0.15101870894432068,0.18260551989078522,0.0
Grocery,44,provenance_shuffle,3408,0.7941434979438782,0.6765067211841573,-0.010541737079620361,-0.0008301879588256122,0.3133597671985626,0.15097616612911224,0.18225499987602234,0.0
Grocery,44,provenance_shuffle,3409,0.7909224033355713,0.6690268381660194,-0.013762831687927246,-0.008310070976963568,0.31115224957466125,0.14909474551677704,0.1807345747947693,0.0
Grocery,44,order_mismatch,,0.7215226888656616,0.6084235178622898,-0.08316254615783691,-0.06891339128069318,0.7263152003288269,0.39105504751205444,0.5925607681274414,0.0
