dataset,seed,variant,modality,metric,split,mean,p10,p50,p90
Movies,42,M2-P,text,retrieval_ratio,validation,0.583204448223114,0.40589335560798645,0.5481663346290588,0.8168985247612
Movies,42,M2-P,text,compatibility_cosine,validation,0.21926437318325043,0.05598107725381851,0.22203801572322845,0.3813079297542572
Movies,42,M2-P,text,structural_displacement,validation,0.2167179435491562,0.16446596384048462,0.20999184250831604,0.2779524028301239
Movies,42,M2-P,visual,retrieval_ratio,validation,0.495659202337265,0.32172197103500366,0.4757661819458008,0.7047563195228577
Movies,42,M2-P,visual,compatibility_cosine,validation,0.0944342315196991,-0.08079153299331665,0.10308925807476044,0.2536180913448334
Movies,42,M2-P,visual,structural_displacement,validation,0.1988869607448578,0.14400282502174377,0.19337570667266846,0.2633426785469055
Movies,43,M2-P,text,retrieval_ratio,validation,0.6611284017562866,0.47669127583503723,0.6495527029037476,0.8630041480064392
Movies,43,M2-P,text,compatibility_cosine,validation,0.18437539041042328,0.025223590433597565,0.19075143337249756,0.3312455117702484
Movies,43,M2-P,text,structural_displacement,validation,0.25325262546539307,0.19180986285209656,0.24568423628807068,0.32577431201934814
Movies,43,M2-P,visual,retrieval_ratio,validation,0.4373750686645508,0.2966412901878357,0.41698554158210754,0.6011416912078857
Movies,43,M2-P,visual,compatibility_cosine,validation,0.09362541884183884,-0.05398787930607796,0.0957120954990387,0.24166610836982727
Movies,43,M2-P,visual,structural_displacement,validation,0.1802539825439453,0.13603630661964417,0.17242196202278137,0.23419791460037231
Movies,44,M2-P,text,retrieval_ratio,validation,0.7287814617156982,0.5254114270210266,0.7265214920043945,0.9390608668327332
Movies,44,M2-P,text,compatibility_cosine,validation,0.19710519909858704,0.014078243635594845,0.20341306924819946,0.3695039451122284
Movies,44,M2-P,text,structural_displacement,validation,0.2672725319862366,0.20472542941570282,0.26061713695526123,0.33885064721107483
Movies,44,M2-P,visual,retrieval_ratio,validation,0.46033427119255066,0.28798457980155945,0.4347555935382843,0.6680989861488342
Movies,44,M2-P,visual,compatibility_cosine,validation,0.08692480623722076,-0.06566152721643448,0.0904918760061264,0.23195692896842957
Movies,44,M2-P,visual,structural_displacement,validation,0.1883714497089386,0.1337982714176178,0.1803988516330719,0.2518990933895111
Grocery,42,M2-P,text,retrieval_ratio,validation,1.0618549585342407,0.7029232978820801,0.9966512322425842,1.5513417720794678
Grocery,42,M2-P,text,compatibility_cosine,validation,0.17084039747714996,0.022598925977945328,0.1720486730337143,0.3135158121585846
Grocery,42,M2-P,text,structural_displacement,validation,0.33953142166137695,0.24153313040733337,0.32127583026885986,0.47174325585365295
Grocery,42,M2-P,visual,retrieval_ratio,validation,1.378127932548523,0.7108114361763,1.260462760925293,2.202564001083374
Grocery,42,M2-P,visual,compatibility_cosine,validation,0.17868225276470184,-0.024775035679340363,0.18240873515605927,0.37444406747817993
Grocery,42,M2-P,visual,structural_displacement,validation,0.38242307305336,0.24247829616069794,0.3604661226272583,0.5600389838218689
Grocery,43,M2-P,text,retrieval_ratio,validation,0.8723728060722351,0.5331549644470215,0.8681489825248718,1.2137243747711182
Grocery,43,M2-P,text,compatibility_cosine,validation,0.12527556717395782,-0.040888965129852295,0.13222810626029968,0.28190022706985474
Grocery,43,M2-P,text,structural_displacement,validation,0.3025909662246704,0.2133129984140396,0.29983556270599365,0.3939822316169739
Grocery,43,M2-P,visual,retrieval_ratio,validation,1.0606435537338257,0.6024312376976013,0.9814901947975159,1.5210561752319336
Grocery,43,M2-P,visual,compatibility_cosine,validation,0.15008294582366943,-0.03598003834486008,0.1589445173740387,0.3227443993091583
Grocery,43,M2-P,visual,structural_displacement,validation,0.3358069658279419,0.21411196887493134,0.3102785348892212,0.48663368821144104
Grocery,44,M2-P,text,retrieval_ratio,validation,0.8929577469825745,0.5334532260894775,0.8268311619758606,1.3841711282730103
Grocery,44,M2-P,text,compatibility_cosine,validation,0.1400635838508606,-0.006045650225132704,0.1443936675786972,0.277537077665329
Grocery,44,M2-P,text,structural_displacement,validation,0.3056577444076538,0.20677222311496735,0.2916877865791321,0.42279475927352905
Grocery,44,M2-P,visual,retrieval_ratio,validation,1.0364587306976318,0.5612524747848511,0.9537609219551086,1.6067473888397217
Grocery,44,M2-P,visual,compatibility_cosine,validation,0.148699089884758,-0.03604188561439514,0.15816545486450195,0.32039201259613037
Grocery,44,M2-P,visual,structural_displacement,validation,0.3279872536659241,0.1988387554883957,0.30987948179244995,0.4865204393863678
