dataset,seed,modality,metric,target,spearman_rho
Movies,42,text,retrieval_ratio,per_node_cross_entropy,-0.03847863810228105
Movies,42,text,compatibility_cosine,per_node_cross_entropy,-0.03974531729166293
Movies,42,text,structural_displacement,per_node_cross_entropy,-0.025717439981077776
Movies,42,visual,retrieval_ratio,per_node_cross_entropy,-0.1613486261274782
Movies,42,visual,compatibility_cosine,per_node_cross_entropy,-0.26091955808730455
Movies,42,visual,structural_displacement,per_node_cross_entropy,-0.09079102326057495
Movies,43,text,retrieval_ratio,per_node_cross_entropy,-0.019709453850603117
Movies,43,text,compatibility_cosine,per_node_cross_entropy,-0.0940829062207212
Movies,43,text,structural_displacement,per_node_cross_entropy,0.03701683310500054
Movies,43,visual,retrieval_ratio,per_node_cross_entropy,-0.07040843708020283
Movies,43,visual,compatibility_cosine,per_node_cross_entropy,-0.17933524532454126
Movies,43,visual,structural_displacement,per_node_cross_entropy,-0.027128213197098783
Movies,44,text,retrieval_ratio,per_node_cross_entropy,-0.12321093859974408
Movies,44,text,compatibility_cosine,per_node_cross_entropy,-0.21661518157276705
Movies,44,text,structural_displacement,per_node_cross_entropy,0.033654047699547336
Movies,44,visual,retrieval_ratio,per_node_cross_entropy,-0.18145238985902504
Movies,44,visual,compatibility_cosine,per_node_cross_entropy,-0.22744984357063677
Movies,44,visual,structural_displacement,per_node_cross_entropy,-0.1517786760651066
Grocery,42,text,retrieval_ratio,per_node_cross_entropy,-0.40321235809183525
Grocery,42,text,compatibility_cosine,per_node_cross_entropy,-0.3942867637615205
Grocery,42,text,structural_displacement,per_node_cross_entropy,-0.11529501560435702
Grocery,42,visual,retrieval_ratio,per_node_cross_entropy,-0.3865239759826854
Grocery,42,visual,compatibility_cosine,per_node_cross_entropy,-0.5067860893376839
Grocery,42,visual,structural_displacement,per_node_cross_entropy,-0.03084827345770958
Grocery,43,text,retrieval_ratio,per_node_cross_entropy,-0.5069142103246034
Grocery,43,text,compatibility_cosine,per_node_cross_entropy,-0.49569970778811395
Grocery,43,text,structural_displacement,per_node_cross_entropy,-0.2360263011475612
Grocery,43,visual,retrieval_ratio,per_node_cross_entropy,-0.3137573715206541
Grocery,43,visual,compatibility_cosine,per_node_cross_entropy,-0.49485317240950993
Grocery,43,visual,structural_displacement,per_node_cross_entropy,-0.019988629256964253
Grocery,44,text,retrieval_ratio,per_node_cross_entropy,-0.4393788628943078
Grocery,44,text,compatibility_cosine,per_node_cross_entropy,-0.3540588428751572
Grocery,44,text,structural_displacement,per_node_cross_entropy,-0.2603538666684207
Grocery,44,visual,retrieval_ratio,per_node_cross_entropy,-0.34018153178455657
Grocery,44,visual,compatibility_cosine,per_node_cross_entropy,-0.5224377572451223
Grocery,44,visual,structural_displacement,per_node_cross_entropy,-0.054729130231085214
