dataset,seed,class,validation_support,M2_S_f1,M2_P_f1,delta_M2P_minus_M2S_f1,M2_P_text_retrieval_ratio,M2_P_visual_retrieval_ratio,M2_P_text_displacement,M2_P_visual_displacement
Movies,42,0,355,0.416289592760181,0.4344262295081967,0.01813663674801569,0.5293991565704346,0.4940706193447113,0.21540911495685577,0.19914168119430542
Movies,42,1,1098,0.6385185185185185,0.6430317848410758,0.00451326632255733,0.5437600016593933,0.5069866180419922,0.20679537951946259,0.2014116495847702
Movies,42,2,363,0.37853949329359166,0.42216358839050133,0.043624095096909676,0.6104702353477478,0.4538807272911072,0.21718288958072662,0.18862663209438324
Movies,42,3,277,0.7750865051903114,0.7640845070422535,-0.011001998148057912,0.6383823156356812,0.5022658705711365,0.23642824590206146,0.1955372393131256
Movies,42,4,24,0.0,0.2222222222222222,0.2222222222222222,0.5385875701904297,0.39772772789001465,0.2128027379512787,0.17670416831970215
Movies,42,5,82,0.1523809523809524,0.23423423423423423,0.08185328185328183,0.5084041357040405,0.45992159843444824,0.20244497060775757,0.19330988824367523
Movies,42,6,122,0.19875776397515527,0.2604166666666667,0.06165890269151142,0.6250028610229492,0.4974617063999176,0.22069384157657623,0.1969241201877594
Movies,42,7,210,0.3670212765957447,0.39803439803439805,0.031013121438653368,0.7111602425575256,0.5229394435882568,0.23401722311973572,0.2094728797674179
Movies,42,8,30,0.0625,0.4186046511627907,0.3561046511627907,0.6091172695159912,0.47990408539772034,0.21915963292121887,0.19882924854755402
Movies,42,9,37,0.0,0.0,0.0,0.6288018226623535,0.4628732204437256,0.21511760354042053,0.19956006109714508
Movies,42,10,269,0.5893129770992367,0.5930807248764415,0.0037677477772047885,0.6368545293807983,0.5311239361763,0.23295831680297852,0.20910567045211792
Movies,42,11,88,0.1864406779661017,0.3129251700680272,0.12648449210192553,0.6127164959907532,0.5760188698768616,0.2298986315727234,0.22312000393867493
Movies,42,12,23,0.5555555555555556,0.5555555555555556,0.0,0.6729899048805237,0.5831776857376099,0.2191825956106186,0.2314838171005249
Movies,42,13,43,0.5783132530120482,0.5952380952380952,0.016924842226047065,0.5895888209342957,0.4446220397949219,0.20953258872032166,0.1723247617483139
Movies,42,14,50,0.29333333333333333,0.2857142857142857,-0.007619047619047636,0.5799277424812317,0.4600549340248108,0.229204460978508,0.1812562495470047
Movies,42,15,47,0.15384615384615385,0.29333333333333333,0.13948717948717948,0.5573787689208984,0.4605730473995209,0.20969590544700623,0.18330053985118866
Movies,42,16,38,0.0,0.0,0.0,0.6129050850868225,0.5069617033004761,0.21503423154354095,0.20924612879753113
Movies,42,17,141,0.2897196261682243,0.31759656652360513,0.027876940355380853,0.5211066007614136,0.4346468448638916,0.19999270141124725,0.1834854781627655
Movies,42,18,23,0.0,0.14814814814814814,0.14814814814814814,0.5807375907897949,0.4544488787651062,0.20724815130233765,0.19887901842594147
Movies,42,19,14,0.0,0.0,0.0,0.5612090826034546,0.39567092061042786,0.21193364262580872,0.17575672268867493
Movies,43,0,355,0.41736227045075125,0.45042492917847027,0.03306265872771902,0.6284934878349304,0.4224253296852112,0.24644684791564941,0.1770605742931366
Movies,43,1,1098,0.642393655371305,0.6453464534645347,0.0029527980932296805,0.6333984732627869,0.4262182116508484,0.24838700890541077,0.17830170691013336
Movies,43,2,363,0.3448275862068966,0.3670212765957447,0.02219369038884811,0.692257821559906,0.4545578062534332,0.25373634696006775,0.1844809651374817
Movies,43,3,277,0.8164665523156089,0.8041237113402062,-0.012342840975402725,0.6408290863037109,0.3917645215988159,0.2344539314508438,0.16291095316410065
Movies,43,4,24,0.15384615384615385,0.14814814814814814,-0.005698005698005715,0.6122055053710938,0.3490223288536072,0.2525237202644348,0.15369917452335358
Movies,43,5,82,0.1941747572815534,0.1935483870967742,-0.0006263701847792069,0.5953356623649597,0.403124064207077,0.23696903884410858,0.1673835664987564
Movies,43,6,122,0.2694300518134715,0.330188679245283,0.060758627431811485,0.7058727741241455,0.444181889295578,0.26399603486061096,0.1832955926656723
Movies,43,7,210,0.40625,0.4020356234096692,-0.004214376590330804,0.727175772190094,0.44343528151512146,0.28013843297958374,0.18387797474861145
Movies,43,8,30,0.3333333333333333,0.42105263157894735,0.08771929824561403,0.7251697182655334,0.4395942986011505,0.267902135848999,0.1809370517730713
Movies,43,9,37,0.0,0.0,0.0,0.7339799404144287,0.45170748233795166,0.2521386444568634,0.1814594566822052
Movies,43,10,269,0.5753899480069324,0.5905631659056316,0.015173217898699187,0.7425577640533447,0.5632460117340088,0.2784171998500824,0.21603676676750183
Movies,43,11,88,0.13333333333333333,0.1746031746031746,0.04126984126984126,0.7060683369636536,0.47779473662376404,0.25636863708496094,0.19114693999290466
Movies,43,12,23,0.375,0.5555555555555556,0.18055555555555558,0.7262907028198242,0.4444073438644409,0.28765711188316345,0.19037213921546936
Movies,43,13,43,0.6153846153846154,0.6382978723404256,0.022913256955810146,0.6628696322441101,0.38404589891433716,0.25226154923439026,0.15165339410305023
Movies,43,14,50,0.3783783783783784,0.4578313253012048,0.0794529469228264,0.6062595248222351,0.39421793818473816,0.22604221105575562,0.16393828392028809
Movies,43,15,47,0.04,0.03571428571428571,-0.0042857142857142885,0.6209163665771484,0.3952794373035431,0.250188946723938,0.15937331318855286
Movies,43,16,38,0.0,0.0,0.0,0.6996087431907654,0.47176241874694824,0.26027393341064453,0.19684042036533356
Movies,43,17,141,0.2647058823529412,0.34934497816593885,0.08463909581299767,0.6281110644340515,0.39054301381111145,0.254552960395813,0.16888399422168732
Movies,43,18,23,0.0,0.08,0.08,0.6480306386947632,0.4842081069946289,0.24172401428222656,0.2028990238904953
Movies,43,19,14,0.0,0.0,0.0,0.6378722190856934,0.3841099143028259,0.27577170729637146,0.1591506004333496
Movies,44,0,355,0.4563552833078101,0.4251207729468599,-0.031234510360950207,0.6713852882385254,0.45462486147880554,0.26271384954452515,0.1854962408542633
Movies,44,1,1098,0.6228034327748263,0.6383141762452107,0.015510743470384392,0.6962754726409912,0.41912513971328735,0.25784218311309814,0.17782330513000488
Movies,44,2,363,0.41656210790464243,0.4,-0.01656210790464241,0.7643383741378784,0.4751185178756714,0.27689582109451294,0.1935596913099289
Movies,44,3,277,0.8110918544194108,0.8202443280977313,0.009152473678320505,0.836661159992218,0.5634189248085022,0.26423707604408264,0.2185928076505661
Movies,44,4,24,0.4375,0.2857142857142857,-0.1517857142857143,0.6847289800643921,0.3743925094604492,0.2622538208961487,0.16016435623168945
Movies,44,5,82,0.32558139534883723,0.2556390977443609,-0.06994229760447634,0.6363853812217712,0.40421080589294434,0.2551458179950714,0.1688619703054428
Movies,44,6,122,0.34101382488479265,0.33816425120772947,-0.0028495736770631774,0.7590081095695496,0.4192180037498474,0.2678813636302948,0.17639026045799255
Movies,44,7,210,0.4377880184331797,0.46601941747572817,0.028231399042548455,0.7425506711006165,0.44705817103385925,0.2702099084854126,0.18567581474781036
Movies,44,8,30,0.4888888888888889,0.3157894736842105,-0.17309941520467836,0.8037475347518921,0.501421332359314,0.29072538018226624,0.1975841522216797
Movies,44,9,37,0.0,0.0,0.0,0.7712293863296509,0.43549883365631104,0.26707011461257935,0.18656349182128906
Movies,44,10,269,0.5656192236598891,0.584873949579832,0.019254725919942817,0.7827313542366028,0.5870516300201416,0.2923128604888916,0.21916833519935608
Movies,44,11,88,0.460431654676259,0.27350427350427353,-0.18692738117198548,0.8398227691650391,0.6035796403884888,0.29338008165359497,0.2286463975906372
Movies,44,12,23,0.47368421052631576,0.46153846153846156,-0.012145748987854199,0.7158491015434265,0.45247241854667664,0.27831122279167175,0.18584463000297546
Movies,44,13,43,0.5393258426966292,0.5652173913043478,0.025891548607718584,0.6982056498527527,0.36584118008613586,0.26315104961395264,0.1483365148305893
Movies,44,14,50,0.44680851063829785,0.4578313253012048,0.011022814662906943,0.6895381212234497,0.4023825228214264,0.26104244589805603,0.1697055995464325
Movies,44,15,47,0.1875,0.21052631578947367,0.023026315789473673,0.6545010805130005,0.39386311173439026,0.25901058316230774,0.1589013636112213
Movies,44,16,38,0.0,0.0,0.0,0.7671473026275635,0.4919634461402893,0.2916165292263031,0.19846050441265106
Movies,44,17,141,0.3464566929133858,0.24413145539906103,-0.10232523751432479,0.6822664141654968,0.38979801535606384,0.26066330075263977,0.1748800426721573
Movies,44,18,23,0.14814814814814814,0.07692307692307693,-0.07122507122507121,0.7298162579536438,0.4997158944606781,0.2914458215236664,0.2074832171201706
Movies,44,19,14,0.0,0.0,0.0,0.6838414072990417,0.38317129015922546,0.2736082971096039,0.17349649965763092
Grocery,42,0,45,0.7407407407407407,0.7529411764705882,0.012200435729847525,0.894459068775177,1.0527061223983765,0.3164176940917969,0.3624551594257355
Grocery,42,1,321,0.9124423963133641,0.911042944785276,-0.0013994515280880693,0.8934183120727539,1.3135552406311035,0.2800312340259552,0.33766093850135803
Grocery,42,2,26,0.4888888888888889,0.42857142857142855,-0.060317460317460325,0.8227435350418091,0.9748035073280334,0.30151066184043884,0.35215771198272705
Grocery,42,3,144,0.7919463087248322,0.7526132404181185,-0.03933306830671368,1.0204349756240845,1.08098566532135,0.35118532180786133,0.3621111512184143
Grocery,42,4,54,0.19047619047619047,0.05128205128205128,-0.1391941391941392,0.8685386180877686,1.180415153503418,0.313759982585907,0.39522701501846313
Grocery,42,5,168,0.6747720364741642,0.6435331230283912,-0.03123891344577301,0.9002277851104736,1.2476909160614014,0.3231561779975891,0.39881575107574463
Grocery,42,6,14,0.0,0.23529411764705882,0.23529411764705882,0.793561577796936,0.9290174245834351,0.2939435541629791,0.3280046582221985
Grocery,42,7,237,0.9109311740890689,0.926530612244898,0.015599438155829093,1.2674806118011475,1.4178886413574219,0.3822745978832245,0.40279489755630493
Grocery,42,8,257,0.8507462686567164,0.8631984585741811,0.012452189917464662,1.365010380744934,1.6448184251785278,0.41761523485183716,0.4564454257488251
Grocery,42,9,226,0.6806526806526807,0.6538461538461539,-0.026806526806526842,0.9800360202789307,1.1413215398788452,0.3034016191959381,0.34231412410736084
Grocery,42,10,85,1.0,0.9940828402366864,-0.00591715976331364,0.7830334305763245,0.5345696806907654,0.24172255396842957,0.1566169112920761
Grocery,42,11,90,0.8439306358381503,0.8021978021978022,-0.04173283364034808,1.117092490196228,1.2035452127456665,0.3639524281024933,0.39964109659194946
Grocery,42,12,483,0.8685831622176592,0.8729508196721312,0.004367657454471985,0.9528761506080627,1.8882720470428467,0.3096683919429779,0.4017684757709503
Grocery,42,13,284,0.927689594356261,0.925476603119584,-0.0022129912366769533,1.7086421251296997,1.6936465501785278,0.506405234336853,0.427788108587265
Grocery,42,14,175,0.8045325779036827,0.7956403269754768,-0.008892250928205891,0.8688840866088867,1.2139620780944824,0.300212562084198,0.3724512457847595
Grocery,42,15,182,0.9251336898395722,0.9234972677595629,-0.0016364220800093587,0.8984824419021606,1.376665711402893,0.29098695516586304,0.39348217844963074
Grocery,42,16,215,0.821256038647343,0.8169014084507042,-0.004354630196638731,1.082861065864563,1.2531300783157349,0.33783209323883057,0.3821958005428314
Grocery,42,17,270,0.7486437613019892,0.7539823008849558,0.005338539582966595,1.0278358459472656,1.2065664529800415,0.3366144895553589,0.380950927734375
Grocery,42,18,47,0.6976744186046512,0.693069306930693,-0.004605111673958162,0.7424449920654297,1.018808126449585,0.2689027190208435,0.3416086435317993
Grocery,42,19,92,0.7219512195121951,0.696969696969697,-0.02498152254249808,0.8209841251373291,1.0908067226409912,0.2909935414791107,0.37178835272789
Grocery,43,0,45,0.7142857142857143,0.7654320987654321,0.051146384479717755,0.5394811034202576,0.7752841114997864,0.21503065526485443,0.2853911221027374
Grocery,43,1,320,0.9171779141104295,0.9102167182662538,-0.006961195844175649,0.8620554208755493,1.0377839803695679,0.28675350546836853,0.31350356340408325
Grocery,43,2,26,0.18181818181818182,0.2777777777777778,0.09595959595959597,0.7131708860397339,0.8807974457740784,0.2808019816875458,0.32419711351394653
Grocery,43,3,144,0.7889273356401384,0.7574750830564784,-0.03145225258366002,0.8752997517585754,0.9283578991889954,0.3082362413406372,0.30861136317253113
Grocery,43,4,54,0.1095890410958904,0.2926829268292683,0.18309388573337787,0.6637848615646362,0.9902190566062927,0.2670503556728363,0.3501734435558319
Grocery,43,5,168,0.6645569620253164,0.6299694189602446,-0.034587543065071835,0.7055946588516235,0.9618756771087646,0.2831644117832184,0.3412426710128784
Grocery,43,6,14,0.0,0.0,0.0,0.6138933300971985,1.0245972871780396,0.251931756734848,0.38447484374046326
Grocery,43,7,237,0.889795918367347,0.889344262295082,-0.00045165607226493876,0.9134302139282227,1.0329110622406006,0.3238290548324585,0.33887970447540283
Grocery,43,8,257,0.8831168831168831,0.8754716981132076,-0.007645185003675503,0.9008969664573669,1.0837533473968506,0.2984685003757477,0.33345162868499756
Grocery,43,9,226,0.7313769751693002,0.7168949771689498,-0.014481998000350438,0.9323564171791077,1.0698425769805908,0.3108222782611847,0.3284275531768799
Grocery,43,10,84,1.0,1.0,0.0,1.0683887004852295,0.7678432464599609,0.36665764451026917,0.23448151350021362
Grocery,43,11,90,0.7386363636363636,0.7374301675977654,-0.001206196038598284,0.8500735759735107,1.0192562341690063,0.3055349588394165,0.33607232570648193
Grocery,43,12,483,0.8678102926337034,0.8703703703703703,0.002560077736666999,0.9075263142585754,1.1916013956069946,0.3091273009777069,0.3642045259475708
Grocery,43,13,285,0.931740614334471,0.9367521367521368,0.005011522417665781,1.2126572132110596,1.3487709760665894,0.3593532145023346,0.36991211771965027
Grocery,43,14,176,0.8148148148148148,0.8268156424581006,0.012000827643285805,0.7525725364685059,0.9909266233444214,0.28302085399627686,0.3204077184200287
Grocery,43,15,182,0.8882978723404256,0.8783068783068783,-0.009990994033547307,0.8711157441139221,1.0608413219451904,0.2961673140525818,0.3411293029785156
Grocery,43,16,215,0.7889908256880734,0.794392523364486,0.00540169767641252,0.9136030077934265,1.1016325950622559,0.3144213855266571,0.3634170591831207
Grocery,43,17,270,0.7686703096539163,0.7783985102420856,0.009728200588169367,0.7295001149177551,0.9725070595741272,0.28662171959877014,0.3291289806365967
Grocery,43,18,47,0.6190476190476191,0.5869565217391305,-0.03209109730848858,0.5409530997276306,0.9586179852485657,0.22048474848270416,0.3297217786312103
Grocery,43,19,92,0.7,0.7473684210526316,0.047368421052631615,0.5730878114700317,0.8247847557067871,0.23823659121990204,0.2895493805408478
Grocery,44,0,45,0.6575342465753424,0.6285714285714286,-0.02896281800391387,0.7321383357048035,0.859004557132721,0.2687426805496216,0.3060489594936371
Grocery,44,1,321,0.8996960486322189,0.9057187017001546,0.0060226530679357015,0.785173237323761,0.9517105221748352,0.2803136706352234,0.28188425302505493
Grocery,44,2,26,0.35,0.25,-0.09999999999999998,0.7017982602119446,0.6956087350845337,0.2653229236602783,0.26096606254577637
Grocery,44,3,144,0.7741935483870968,0.784452296819788,0.010258748432691256,0.7135588526725769,0.8740573525428772,0.2611217498779297,0.2845798134803772
Grocery,44,4,54,0.16470588235294117,0.1794871794871795,0.014781297134238314,0.6824644804000854,0.786719560623169,0.26157671213150024,0.29244905710220337
Grocery,44,5,168,0.6426426426426426,0.6005509641873278,-0.04209167845531481,0.763363778591156,0.9658745527267456,0.2850019335746765,0.34082871675491333
Grocery,44,6,14,0.0,0.0,0.0,0.6919333338737488,0.7791835069656372,0.2652508318424225,0.2981104850769043
Grocery,44,7,237,0.9008264462809917,0.907563025210084,0.006736578929092296,0.8297790884971619,1.003350019454956,0.28523239493370056,0.3173377811908722
Grocery,44,8,257,0.8841698841698842,0.8679245283018868,-0.016245355867997358,1.0535736083984375,1.192392349243164,0.36927610635757446,0.37215447425842285
Grocery,44,9,226,0.7178329571106095,0.7142857142857143,-0.003547242824895158,0.854545533657074,1.0052556991577148,0.29816505312919617,0.3174906373023987
Grocery,44,10,84,0.9882352941176471,0.9822485207100592,-0.005986773407587909,0.6470127105712891,0.5843998193740845,0.24037520587444305,0.16868364810943604
Grocery,44,11,90,0.7904191616766467,0.7530864197530864,-0.037332741923560286,0.9662832617759705,1.009405255317688,0.34784436225891113,0.33793583512306213
Grocery,44,12,483,0.8904522613065327,0.88,-0.01045226130653265,1.1202142238616943,1.359837532043457,0.3521044850349426,0.3964155614376068
Grocery,44,13,285,0.9262435677530018,0.9359430604982206,0.009699492745218863,1.3240559101104736,1.3171521425247192,0.3841090500354767,0.3746658265590668
Grocery,44,14,175,0.8390804597701149,0.8609625668449198,0.02188210707480487,0.7109135389328003,0.9220088124275208,0.2679174542427063,0.32069727778434753
Grocery,44,15,182,0.9035812672176309,0.898936170212766,-0.004645097004864929,0.7930964827537537,0.9753057956695557,0.27146661281585693,0.29960575699806213
Grocery,44,16,215,0.7699530516431925,0.7785888077858881,0.008635756142695628,0.8894016146659851,0.9236608147621155,0.3096165060997009,0.32044216990470886
Grocery,44,17,270,0.6943396226415094,0.6936026936026936,-0.0007369290388158367,0.7819453477859497,0.9462335705757141,0.28553691506385803,0.3280939757823944
Grocery,44,18,47,0.6391752577319587,0.6373626373626373,-0.0018126203693213938,0.5471770167350769,0.8429061770439148,0.21651285886764526,0.3132886290550232
Grocery,44,19,92,0.7604166666666666,0.7225130890052356,-0.03790357766143104,0.5605934858322144,0.6483426690101624,0.22252866625785828,0.24496489763259888
