dataset,seed,modality,correctness,metric,nodes,mean,p10,p50,p90
Movies,42,text,correct,retrieval_ratio,1755,0.5862166881561279,0.4068473279476166,0.5546646118164062,0.818241536617279
Movies,42,text,incorrect,retrieval_ratio,1579,0.5798564553260803,0.4042166471481323,0.541742205619812,0.8161527514457703
Movies,42,text,correct,compatibility_cosine,1755,0.22208648920059204,0.05866747349500656,0.22403977811336517,0.3821011185646057
Movies,42,text,incorrect,compatibility_cosine,1579,0.21612772345542908,0.052092667669057846,0.2172033041715622,0.3788990080356598
Movies,42,text,correct,structural_displacement,1755,0.2173624485731125,0.16606716811656952,0.2104322910308838,0.278131365776062
Movies,42,text,incorrect,structural_displacement,1579,0.21600162982940674,0.16309937834739685,0.20907950401306152,0.27769339084625244
Movies,42,visual,correct,retrieval_ratio,1755,0.5081326365470886,0.329325795173645,0.4882826805114746,0.7245576977729797
Movies,42,visual,incorrect,retrieval_ratio,1579,0.4817954897880554,0.3142909109592438,0.46286454796791077,0.6796345114707947
Movies,42,visual,correct,compatibility_cosine,1755,0.11283153295516968,-0.05622859671711922,0.12256112694740295,0.2618735134601593
Movies,42,visual,incorrect,compatibility_cosine,1579,0.07398630678653717,-0.10545665770769119,0.08189244568347931,0.23945148289203644
Movies,42,visual,correct,structural_displacement,1755,0.2006732076406479,0.14497216045856476,0.1956062912940979,0.2662443220615387
Movies,42,visual,incorrect,structural_displacement,1579,0.19690163433551788,0.14209651947021484,0.19081413745880127,0.2593768239021301
Movies,43,text,correct,retrieval_ratio,1760,0.6621769070625305,0.4838801622390747,0.64777672290802,0.8619988560676575
Movies,43,text,incorrect,retrieval_ratio,1574,0.6599559187889099,0.4708026349544525,0.6519062519073486,0.8659743070602417
Movies,43,text,correct,compatibility_cosine,1760,0.1922580599784851,0.033960722386837006,0.20003974437713623,0.3349190950393677
Movies,43,text,incorrect,compatibility_cosine,1574,0.17556118965148926,0.017226766794919968,0.18069957196712494,0.3282962441444397
Movies,43,text,correct,structural_displacement,1760,0.2519663870334625,0.19160395860671997,0.24395263195037842,0.32374703884124756
Movies,43,text,incorrect,structural_displacement,1574,0.25469082593917847,0.19237852096557617,0.24748888611793518,0.32679688930511475
Movies,43,visual,correct,retrieval_ratio,1760,0.4423758387565613,0.29951053857803345,0.4215507507324219,0.6102197766304016
Movies,43,visual,incorrect,retrieval_ratio,1574,0.43178337812423706,0.29457029700279236,0.4124464988708496,0.5878483057022095
Movies,43,visual,correct,compatibility_cosine,1760,0.1047016978263855,-0.04680768772959709,0.11019445210695267,0.2529826760292053
Movies,43,visual,incorrect,compatibility_cosine,1574,0.08124024420976639,-0.060395676642656326,0.07960148900747299,0.22673948109149933
Movies,43,visual,correct,structural_displacement,1760,0.1805029660463333,0.13571764528751373,0.1737014651298523,0.23468337953090668
Movies,43,visual,incorrect,structural_displacement,1574,0.17997556924819946,0.1362842321395874,0.1712602972984314,0.23355452716350555
Movies,44,text,correct,retrieval_ratio,1782,0.7422518134117126,0.5374022126197815,0.74395751953125,0.9538835883140564
Movies,44,text,incorrect,retrieval_ratio,1552,0.7133150100708008,0.5120446085929871,0.7094160318374634,0.9212316870689392
Movies,44,text,correct,compatibility_cosine,1782,0.21349988877773285,0.027577148750424385,0.220473051071167,0.3866531252861023
Movies,44,text,incorrect,compatibility_cosine,1552,0.17828088998794556,0.0016729148337617517,0.1856347769498825,0.34243521094322205
Movies,44,text,correct,structural_displacement,1782,0.26724791526794434,0.20657303929328918,0.2596844434738159,0.3383525609970093
Movies,44,text,incorrect,structural_displacement,1552,0.2673007845878601,0.20367690920829773,0.26120907068252563,0.33945173025131226
Movies,44,visual,correct,retrieval_ratio,1782,0.47596853971481323,0.2932237386703491,0.4514642059803009,0.6863046884536743
Movies,44,visual,incorrect,retrieval_ratio,1552,0.44238314032554626,0.2841002643108368,0.41183555126190186,0.6455180048942566
Movies,44,visual,correct,compatibility_cosine,1782,0.10074221342802048,-0.04982389882206917,0.103394515812397,0.2461157590150833
Movies,44,visual,incorrect,compatibility_cosine,1552,0.07105971872806549,-0.08256880939006805,0.07605486363172531,0.21884196996688843
Movies,44,visual,correct,structural_displacement,1782,0.1920330971479416,0.13601087033748627,0.18602269887924194,0.2545270323753357
Movies,44,visual,incorrect,structural_displacement,1552,0.18416716158390045,0.13225173950195312,0.17533472180366516,0.24820169806480408
Grocery,42,text,correct,retrieval_ratio,2795,1.0991312265396118,0.7240122556686401,1.0275486707687378,1.6234029531478882
Grocery,42,text,incorrect,retrieval_ratio,620,0.8938106298446655,0.631823718547821,0.8751639723777771,1.1935838460922241
Grocery,42,text,correct,compatibility_cosine,2795,0.1836203783750534,0.039892297238111496,0.18832451105117798,0.32253798842430115
Grocery,42,text,incorrect,compatibility_cosine,620,0.11322732269763947,-0.02259117364883423,0.11312798410654068,0.23992867767810822
Grocery,42,text,correct,structural_displacement,2795,0.34367868304252625,0.24282827973365784,0.32331228256225586,0.4819846451282501
Grocery,42,text,incorrect,structural_displacement,620,0.320835143327713,0.2330423891544342,0.31234055757522583,0.41973376274108887
Grocery,42,visual,correct,retrieval_ratio,2795,1.4262580871582031,0.7319409251213074,1.3201721906661987,2.2614662647247314
Grocery,42,visual,incorrect,retrieval_ratio,620,1.1611528396606445,0.6621794104576111,1.0343167781829834,1.8443917036056519
Grocery,42,visual,correct,compatibility_cosine,2795,0.19907858967781067,-0.001975730760022998,0.20734363794326782,0.38642141222953796
Grocery,42,visual,incorrect,compatibility_cosine,620,0.08673421293497086,-0.07444252073764801,0.0816374272108078,0.25548055768013
Grocery,42,visual,correct,structural_displacement,2795,0.3820241689682007,0.2417849600315094,0.36080992221832275,0.5602343082427979
Grocery,42,visual,incorrect,structural_displacement,620,0.3842211365699768,0.24758148193359375,0.3585522770881653,0.5541576147079468
Grocery,43,text,correct,retrieval_ratio,2803,0.9029699563980103,0.5541401505470276,0.9078719615936279,1.2440593242645264
Grocery,43,text,incorrect,retrieval_ratio,612,0.7322354912757874,0.47368618845939636,0.7152685523033142,1.0176678895950317
Grocery,43,text,correct,compatibility_cosine,2803,0.14003047347068787,-0.019065218046307564,0.14703860878944397,0.28876927495002747
Grocery,43,text,incorrect,compatibility_cosine,612,0.05769703537225723,-0.10488837212324142,0.06064295023679733,0.2227773219347
Grocery,43,text,correct,structural_displacement,2803,0.3065625727176666,0.21783199906349182,0.30377650260925293,0.3977928161621094
Grocery,43,text,incorrect,structural_displacement,612,0.28440070152282715,0.20038457214832306,0.2831317186355591,0.37212491035461426
Grocery,43,visual,correct,retrieval_ratio,2803,1.0790767669677734,0.6154055595397949,0.9976475238800049,1.5267091989517212
Grocery,43,visual,incorrect,retrieval_ratio,612,0.9762184619903564,0.553084135055542,0.8725293874740601,1.4561562538146973
Grocery,43,visual,correct,compatibility_cosine,2803,0.16523703932762146,-0.017892247065901756,0.17558889091014862,0.3293476402759552
Grocery,43,visual,incorrect,compatibility_cosine,612,0.08067625761032104,-0.0929114893078804,0.07900702953338623,0.25514307618141174
Grocery,43,visual,correct,structural_displacement,2803,0.3341587781906128,0.21436604857444763,0.3094034194946289,0.4796442687511444
Grocery,43,visual,incorrect,structural_displacement,612,0.34335577487945557,0.21096475422382355,0.314723402261734,0.5102072358131409
Grocery,44,text,correct,retrieval_ratio,2778,0.9246541857719421,0.5517723560333252,0.8560700416564941,1.4186079502105713
Grocery,44,text,incorrect,retrieval_ratio,637,0.7547272443771362,0.4757193624973297,0.7207845449447632,1.0759738683700562
Grocery,44,text,correct,compatibility_cosine,2778,0.15260785818099976,0.017050782218575478,0.1563812494277954,0.28385111689567566
Grocery,44,text,incorrect,compatibility_cosine,637,0.08535714447498322,-0.05585391819477081,0.0868525579571724,0.2317471206188202
Grocery,44,text,correct,structural_displacement,2778,0.3099886178970337,0.2095082700252533,0.2958809733390808,0.4271189272403717
Grocery,44,text,incorrect,structural_displacement,637,0.2867703437805176,0.19643041491508484,0.2762274742126465,0.3863225281238556
Grocery,44,visual,correct,retrieval_ratio,2778,1.0621719360351562,0.5769299268722534,0.9816558957099915,1.6348291635513306
Grocery,44,visual,incorrect,retrieval_ratio,637,0.9243217706680298,0.5027740597724915,0.8396064639091492,1.4470783472061157
Grocery,44,visual,correct,compatibility_cosine,2778,0.16666147112846375,-0.01219036616384983,0.1762184053659439,0.3312348425388336
Grocery,44,visual,incorrect,compatibility_cosine,637,0.0703638568520546,-0.09563783556222916,0.06703293323516846,0.24461886286735535
Grocery,44,visual,correct,structural_displacement,2778,0.32789236307144165,0.19826364517211914,0.3107415437698364,0.48359575867652893
Grocery,44,visual,incorrect,structural_displacement,637,0.32840102910995483,0.1995105743408203,0.3082716464996338,0.5009271502494812
