dataset,seed,modality,order,metric,mean,p10,p50,p90,interaction_cross_bias_norm,sample_edges
Movies,42,text,1,r_norm,5.707330703735352,,5.707345962524414,5.730434894561768,0.5919424295425415,8192
Movies,42,text,1,e_norm,5.614556312561035,,5.6148271560668945,5.634710311889648,0.5919424295425415,8192
Movies,42,text,1,x_norm,3.2865395545959473,,3.240670680999756,4.104094982147217,0.5919424295425415,8192
Movies,42,text,1,cos_re,-0.03925205022096634,-0.26814141869544983,-0.0383724719285965,0.1876324713230133,0.5919424295425415,8192
Movies,42,text,1,cos_rx,0.0909273624420166,-0.1463233232498169,0.09667447209358215,0.3199695944786072,0.5919424295425415,8192
Movies,42,text,1,cos_ex,0.08238784968852997,-0.141153022646904,0.08516868203878403,0.2997896075248718,0.5919424295425415,8192
Movies,42,text,1,relation_off_corrected_relative_difference,0.884788990020752,,0.8838673830032349,1.0334174633026123,0.5919424295425415,8192
Movies,42,text,1,effect_off_corrected_relative_difference,0.8630354404449463,,0.8592981696128845,1.021870493888855,0.5919424295425415,8192
Movies,42,text,1,cross_off_relative_difference,0.3877798914909363,,0.37713709473609924,0.5139852166175842,0.5919424295425415,8192
Movies,42,text,2,r_norm,5.707330703735352,,5.707345962524414,5.730434894561768,0.5919424295425415,8192
Movies,42,text,2,e_norm,5.628235816955566,,5.628849506378174,5.643443584442139,0.5919424295425415,8192
Movies,42,text,2,x_norm,3.5694360733032227,,3.5141801834106445,4.560159683227539,0.5919424295425415,8192
Movies,42,text,2,cos_re,0.008109912276268005,-0.20863445103168488,0.0041802991181612015,0.22994393110275269,0.5919424295425415,8192
Movies,42,text,2,cos_rx,0.18621709942817688,-0.044362131506204605,0.19897349178791046,0.3928612768650055,0.5919424295425415,8192
Movies,42,text,2,cos_ex,0.16897450387477875,-0.07078594714403152,0.1776786744594574,0.39240318536758423,0.5919424295425415,8192
Movies,42,text,2,relation_off_corrected_relative_difference,0.8599640130996704,,0.8611571788787842,1.013443946838379,0.5919424295425415,8192
Movies,42,text,2,effect_off_corrected_relative_difference,0.8485353589057922,,0.8553842306137085,0.9857032895088196,0.5919424295425415,8192
Movies,42,text,2,cross_off_relative_difference,0.3814108967781067,,0.3757428526878357,0.49716633558273315,0.5919424295425415,8192
Movies,42,text,3,r_norm,5.707330703735352,,5.707345962524414,5.730434894561768,0.5919424295425415,8192
Movies,42,text,3,e_norm,5.630386829376221,,5.630705833435059,5.643304347991943,0.5919424295425415,8192
Movies,42,text,3,x_norm,3.6558055877685547,,3.6126532554626465,4.6479010581970215,0.5919424295425415,8192
Movies,42,text,3,cos_re,0.021790815517306328,-0.19215667247772217,0.011683067306876183,0.24874034523963928,0.5919424295425415,8192
Movies,42,text,3,cos_rx,0.19329506158828735,-0.0357985682785511,0.20699049532413483,0.39712774753570557,0.5919424295425415,8192
Movies,42,text,3,cos_ex,0.18929773569107056,-0.05605871230363846,0.202073872089386,0.41437220573425293,0.5919424295425415,8192
Movies,42,text,3,relation_off_corrected_relative_difference,0.8555272817611694,,0.8580346703529358,1.0072531700134277,0.5919424295425415,8192
Movies,42,text,3,effect_off_corrected_relative_difference,0.8490506410598755,,0.8573050498962402,0.9815844297409058,0.5919424295425415,8192
Movies,42,text,3,cross_off_relative_difference,0.38293755054473877,,0.3779464364051819,0.49475714564323425,0.5919424295425415,8192
Movies,42,visual,1,r_norm,5.699405670166016,,5.699995040893555,5.719663143157959,0.5225597023963928,8192
Movies,42,visual,1,e_norm,5.616789817810059,,5.616209983825684,5.634119987487793,0.5225597023963928,8192
Movies,42,visual,1,x_norm,3.4266445636749268,,3.3808908462524414,4.305557727813721,0.5225597023963928,8192
Movies,42,visual,1,cos_re,0.12351050972938538,-0.11701029539108276,0.12996909022331238,0.35879766941070557,0.5225597023963928,8192
Movies,42,visual,1,cos_rx,0.11287743598222733,-0.10623487085103989,0.11956758797168732,0.32191002368927,0.5225597023963928,8192
Movies,42,visual,1,cos_ex,0.05728337913751602,-0.18508297204971313,0.057533279061317444,0.2930678725242615,0.5225597023963928,8192
Movies,42,visual,1,relation_off_corrected_relative_difference,0.8213503360748291,,0.8171210289001465,0.9722303152084351,0.5225597023963928,8192
Movies,42,visual,1,effect_off_corrected_relative_difference,0.7832095623016357,,0.7797750234603882,0.93625807762146,0.5225597023963928,8192
Movies,42,visual,1,cross_off_relative_difference,0.376783549785614,,0.3659955859184265,0.4965752959251404,0.5225597023963928,8192
Movies,42,visual,2,r_norm,5.699405670166016,,5.699995040893555,5.719663143157959,0.5225597023963928,8192
Movies,42,visual,2,e_norm,5.612857341766357,,5.611812591552734,5.631279468536377,0.5225597023963928,8192
Movies,42,visual,2,x_norm,3.4193906784057617,,3.3714914321899414,4.332425117492676,0.5225597023963928,8192
Movies,42,visual,2,cos_re,0.10242226719856262,-0.15776461362838745,0.10647522658109665,0.35649240016937256,0.5225597023963928,8192
Movies,42,visual,2,cos_rx,0.10102450102567673,-0.10610602796077728,0.103629469871521,0.30530744791030884,0.5225597023963928,8192
Movies,42,visual,2,cos_ex,0.012314898893237114,-0.21518461406230927,0.009196670725941658,0.24433304369449615,0.5225597023963928,8192
Movies,42,visual,2,relation_off_corrected_relative_difference,0.8472128510475159,,0.8461363315582275,1.004146933555603,0.5225597023963928,8192
Movies,42,visual,2,effect_off_corrected_relative_difference,0.7902442216873169,,0.7892118692398071,0.947156548500061,0.5225597023963928,8192
Movies,42,visual,2,cross_off_relative_difference,0.3895951211452484,,0.38297948241233826,0.5108853578567505,0.5225597023963928,8192
Movies,42,visual,3,r_norm,5.699405670166016,,5.699995040893555,5.719663143157959,0.5225597023963928,8192
Movies,42,visual,3,e_norm,5.6118574142456055,,5.611189842224121,5.629599094390869,0.5225597023963928,8192
Movies,42,visual,3,x_norm,3.4039206504821777,,3.3472704887390137,4.286097049713135,0.5225597023963928,8192
Movies,42,visual,3,cos_re,0.10366174578666687,-0.15268339216709137,0.10907097905874252,0.3509635031223297,0.5225597023963928,8192
Movies,42,visual,3,cos_rx,0.10270198434591293,-0.10719510912895203,0.10551401972770691,0.3093315064907074,0.5225597023963928,8192
Movies,42,visual,3,cos_ex,0.005784608423709869,-0.2113153487443924,0.010390464216470718,0.21632611751556396,0.5225597023963928,8192
Movies,42,visual,3,relation_off_corrected_relative_difference,0.843438446521759,,0.8414787650108337,0.9970681667327881,0.5225597023963928,8192
Movies,42,visual,3,effect_off_corrected_relative_difference,0.7879120111465454,,0.7858699560165405,0.9451851844787598,0.5225597023963928,8192
Movies,42,visual,3,cross_off_relative_difference,0.3855300545692444,,0.3758549094200134,0.5075801610946655,0.5225597023963928,8192
Movies,43,text,1,r_norm,5.688950538635254,,5.690257549285889,5.703402996063232,0.577297568321228,8192
Movies,43,text,1,e_norm,5.641626358032227,,5.640792369842529,5.6607666015625,0.577297568321228,8192
Movies,43,text,1,x_norm,3.0980262756347656,,3.0687828063964844,3.8119163513183594,0.577297568321228,8192
Movies,43,text,1,cos_re,0.04693689942359924,-0.13547460734844208,0.04620178043842316,0.23165513575077057,0.577297568321228,8192
Movies,43,text,1,cos_rx,0.028683356940746307,-0.1851412057876587,0.021762218326330185,0.26043251156806946,0.577297568321228,8192
Movies,43,text,1,cos_ex,0.09819270670413971,-0.10964306443929672,0.1026110127568245,0.2982383072376251,0.577297568321228,8192
Movies,43,text,1,relation_off_corrected_relative_difference,0.8230955004692078,,0.8219549655914307,0.9498674273490906,0.577297568321228,8192
Movies,43,text,1,effect_off_corrected_relative_difference,0.8513654470443726,,0.8487347364425659,1.0135376453399658,0.577297568321228,8192
Movies,43,text,1,cross_off_relative_difference,0.3576655983924866,,0.350030779838562,0.47306177020072937,0.577297568321228,8192
Movies,43,text,2,r_norm,5.688950538635254,,5.690257549285889,5.703402996063232,0.577297568321228,8192
Movies,43,text,2,e_norm,5.647644996643066,,5.647083759307861,5.663483142852783,0.577297568321228,8192
Movies,43,text,2,x_norm,3.2469887733459473,,3.2180423736572266,3.9555015563964844,0.577297568321228,8192
Movies,43,text,2,cos_re,-0.0942573994398117,-0.28685078024864197,-0.09590177237987518,0.10076966881752014,0.577297568321228,8192
Movies,43,text,2,cos_rx,0.1450928896665573,-0.07000732421875,0.1529562622308731,0.35212498903274536,0.577297568321228,8192
Movies,43,text,2,cos_ex,0.10409173369407654,-0.0979604572057724,0.11238908767700195,0.29463842511177063,0.577297568321228,8192
Movies,43,text,2,relation_off_corrected_relative_difference,0.9257498979568481,,0.924566388130188,1.079769492149353,0.577297568321228,8192
Movies,43,text,2,effect_off_corrected_relative_difference,0.9124590158462524,,0.9107325673103333,1.0655858516693115,0.577297568321228,8192
Movies,43,text,2,cross_off_relative_difference,0.39748644828796387,,0.39040517807006836,0.5256260633468628,0.577297568321228,8192
Movies,43,text,3,r_norm,5.688950538635254,,5.690257549285889,5.703402996063232,0.577297568321228,8192
Movies,43,text,3,e_norm,5.6492509841918945,,5.6488752365112305,5.664346694946289,0.577297568321228,8192
Movies,43,text,3,x_norm,3.2475533485412598,,3.2179973125457764,3.9130442142486572,0.577297568321228,8192
Movies,43,text,3,cos_re,-0.14862340688705444,-0.34622159600257874,-0.15450996160507202,0.05346507206559181,0.577297568321228,8192
Movies,43,text,3,cos_rx,0.14327046275138855,-0.07520374655723572,0.1543746143579483,0.3444981276988983,0.577297568321228,8192
Movies,43,text,3,cos_ex,0.11001094430685043,-0.08460082858800888,0.11907035112380981,0.2887904644012451,0.577297568321228,8192
Movies,43,text,3,relation_off_corrected_relative_difference,0.9556224346160889,,0.9553349018096924,1.1086921691894531,0.577297568321228,8192
Movies,43,text,3,effect_off_corrected_relative_difference,0.9407550096511841,,0.9424278736114502,1.0834846496582031,0.577297568321228,8192
Movies,43,text,3,cross_off_relative_difference,0.4077639579772949,,0.4022144079208374,0.5298573970794678,0.577297568321228,8192
Movies,43,visual,1,r_norm,5.686384201049805,,5.684487342834473,5.701751708984375,0.5311770439147949,8192
Movies,43,visual,1,e_norm,5.622268199920654,,5.621885299682617,5.637876510620117,0.5311770439147949,8192
Movies,43,visual,1,x_norm,3.312608242034912,,3.2625327110290527,4.164784908294678,0.5311770439147949,8192
Movies,43,visual,1,cos_re,0.08758813142776489,-0.15109527111053467,0.08918531239032745,0.32937854528427124,0.5311770439147949,8192
Movies,43,visual,1,cos_rx,-0.007525007240474224,-0.1689111888408661,-0.012538999319076538,0.16592098772525787,0.5311770439147949,8192
Movies,43,visual,1,cos_ex,-0.010457036085426807,-0.231589213013649,-0.009393695741891861,0.2075234055519104,0.5311770439147949,8192
Movies,43,visual,1,relation_off_corrected_relative_difference,0.8317928910255432,,0.8246891498565674,0.9912488460540771,0.5311770439147949,8192
Movies,43,visual,1,effect_off_corrected_relative_difference,0.8196921348571777,,0.8182196617126465,0.9554197192192078,0.5311770439147949,8192
Movies,43,visual,1,cross_off_relative_difference,0.4008290767669678,,0.39458557963371277,0.5200465321540833,0.5311770439147949,8192
Movies,43,visual,2,r_norm,5.686384201049805,,5.684487342834473,5.701751708984375,0.5311770439147949,8192
Movies,43,visual,2,e_norm,5.621983528137207,,5.622049331665039,5.636972904205322,0.5311770439147949,8192
Movies,43,visual,2,x_norm,3.4426350593566895,,3.3947198390960693,4.270131587982178,0.5311770439147949,8192
Movies,43,visual,2,cos_re,0.11664833128452301,-0.17350125312805176,0.11957322061061859,0.3950425088405609,0.5311770439147949,8192
Movies,43,visual,2,cos_rx,-0.024769101291894913,-0.17730498313903809,-0.025285590440034866,0.1288621574640274,0.5311770439147949,8192
Movies,43,visual,2,cos_ex,9.883299935609102e-05,-0.22600401937961578,0.004536435008049011,0.21238991618156433,0.5311770439147949,8192
Movies,43,visual,2,relation_off_corrected_relative_difference,0.8159984350204468,,0.804349422454834,1.0159670114517212,0.5311770439147949,8192
Movies,43,visual,2,effect_off_corrected_relative_difference,0.8168907165527344,,0.8157156705856323,0.9552891254425049,0.5311770439147949,8192
Movies,43,visual,2,cross_off_relative_difference,0.4099932610988617,,0.4057180881500244,0.5291611552238464,0.5311770439147949,8192
Movies,43,visual,3,r_norm,5.686384201049805,,5.684487342834473,5.701751708984375,0.5311770439147949,8192
Movies,43,visual,3,e_norm,5.622078895568848,,5.621915817260742,5.637854099273682,0.5311770439147949,8192
Movies,43,visual,3,x_norm,3.4419965744018555,,3.3940305709838867,4.271087646484375,0.5311770439147949,8192
Movies,43,visual,3,cos_re,0.12006990611553192,-0.1774635910987854,0.12692095339298248,0.40142253041267395,0.5311770439147949,8192
Movies,43,visual,3,cos_rx,-0.026136159896850586,-0.1747567355632782,-0.02745756134390831,0.12139376997947693,0.5311770439147949,8192
Movies,43,visual,3,cos_ex,0.00420064153149724,-0.21064268052577972,0.008745282888412476,0.21255521476268768,0.5311770439147949,8192
Movies,43,visual,3,relation_off_corrected_relative_difference,0.8161288499832153,,0.8048174977302551,1.0129050016403198,0.5311770439147949,8192
Movies,43,visual,3,effect_off_corrected_relative_difference,0.8192614316940308,,0.8143641352653503,0.9674960970878601,0.5311770439147949,8192
Movies,43,visual,3,cross_off_relative_difference,0.41128411889076233,,0.40716758370399475,0.5293489098548889,0.5311770439147949,8192
Movies,44,text,1,r_norm,5.709511756896973,,5.706459999084473,5.73826265335083,0.5543847680091858,8192
Movies,44,text,1,e_norm,5.623673439025879,,5.62358283996582,5.646463871002197,0.5543847680091858,8192
Movies,44,text,1,x_norm,3.4731931686401367,,3.3836793899536133,4.513481140136719,0.5543847680091858,8192
Movies,44,text,1,cos_re,0.05729079246520996,-0.1846458613872528,0.0558592826128006,0.3015174865722656,0.5543847680091858,8192
Movies,44,text,1,cos_rx,0.13058876991271973,-0.14296598732471466,0.13727615773677826,0.39335912466049194,0.5543847680091858,8192
Movies,44,text,1,cos_ex,0.03610377013683319,-0.19161660969257355,0.03850146010518074,0.2553688883781433,0.5543847680091858,8192
Movies,44,text,1,relation_off_corrected_relative_difference,0.8726846575737,,0.8644403219223022,1.0321682691574097,0.5543847680091858,8192
Movies,44,text,1,effect_off_corrected_relative_difference,0.7876948118209839,,0.7844483256340027,0.9474389553070068,0.5543847680091858,8192
Movies,44,text,1,cross_off_relative_difference,0.39905980229377747,,0.3737538456916809,0.5573923587799072,0.5543847680091858,8192
Movies,44,text,2,r_norm,5.709511756896973,,5.706459999084473,5.73826265335083,0.5543847680091858,8192
Movies,44,text,2,e_norm,5.630046367645264,,5.63006591796875,5.651909351348877,0.5543847680091858,8192
Movies,44,text,2,x_norm,3.6398544311523438,,3.524746894836426,4.761979579925537,0.5543847680091858,8192
Movies,44,text,2,cos_re,0.18664336204528809,-0.08149246871471405,0.19479161500930786,0.44140252470970154,0.5543847680091858,8192
Movies,44,text,2,cos_rx,0.1414414495229721,-0.13283926248550415,0.1552833616733551,0.3898816704750061,0.5543847680091858,8192
Movies,44,text,2,cos_ex,0.06549544632434845,-0.1915794461965561,0.07625603675842285,0.3028643727302551,0.5543847680091858,8192
Movies,44,text,2,relation_off_corrected_relative_difference,0.8065205812454224,,0.7955014109611511,0.9765523672103882,0.5543847680091858,8192
Movies,44,text,2,effect_off_corrected_relative_difference,0.7449833154678345,,0.7392624616622925,0.8979192972183228,0.5543847680091858,8192
Movies,44,text,2,cross_off_relative_difference,0.3820168375968933,,0.3663575053215027,0.5205498337745667,0.5543847680091858,8192
Movies,44,text,3,r_norm,5.709511756896973,,5.706459999084473,5.73826265335083,0.5543847680091858,8192
Movies,44,text,3,e_norm,5.6319661140441895,,5.632214546203613,5.652122974395752,0.5543847680091858,8192
Movies,44,text,3,x_norm,3.591247320175171,,3.4970548152923584,4.655551910400391,0.5543847680091858,8192
Movies,44,text,3,cos_re,0.19849473237991333,-0.053499236702919006,0.2105526477098465,0.4334716498851776,0.5543847680091858,8192
Movies,44,text,3,cos_rx,0.14653471112251282,-0.13168609142303467,0.16508518159389496,0.39336055517196655,0.5543847680091858,8192
Movies,44,text,3,cos_ex,0.07086920738220215,-0.2003859430551529,0.08377012610435486,0.318710595369339,0.5543847680091858,8192
Movies,44,text,3,relation_off_corrected_relative_difference,0.7964500188827515,,0.7830266952514648,0.9650100469589233,0.5543847680091858,8192
Movies,44,text,3,effect_off_corrected_relative_difference,0.7398710250854492,,0.7350398302078247,0.8885951042175293,0.5543847680091858,8192
Movies,44,text,3,cross_off_relative_difference,0.37433815002441406,,0.3598616421222687,0.4995448887348175,0.5543847680091858,8192
Movies,44,visual,1,r_norm,5.713967323303223,,5.713627815246582,5.737307071685791,0.5081907510757446,8192
Movies,44,visual,1,e_norm,5.599257469177246,,5.598789215087891,5.6159820556640625,0.5081907510757446,8192
Movies,44,visual,1,x_norm,3.1690564155578613,,3.1034886837005615,4.041081428527832,0.5081907510757446,8192
Movies,44,visual,1,cos_re,0.13073168694972992,-0.09091920405626297,0.13492411375045776,0.34488439559936523,0.5081907510757446,8192
Movies,44,visual,1,cos_rx,0.07872235774993896,-0.13692237436771393,0.08665039390325546,0.28206104040145874,0.5081907510757446,8192
Movies,44,visual,1,cos_ex,-0.030041411519050598,-0.264247864484787,-0.030737750232219696,0.20246796309947968,0.5081907510757446,8192
Movies,44,visual,1,relation_off_corrected_relative_difference,0.8196984529495239,,0.8186237215995789,0.9613407850265503,0.5081907510757446,8192
Movies,44,visual,1,effect_off_corrected_relative_difference,0.764377236366272,,0.7598890066146851,0.9106060862541199,0.5081907510757446,8192
Movies,44,visual,1,cross_off_relative_difference,0.37060225009918213,,0.3618929386138916,0.4908624291419983,0.5081907510757446,8192
Movies,44,visual,2,r_norm,5.713967323303223,,5.713627815246582,5.737307071685791,0.5081907510757446,8192
Movies,44,visual,2,e_norm,5.6027727127075195,,5.60137939453125,5.622472763061523,0.5081907510757446,8192
Movies,44,visual,2,x_norm,3.261137008666992,,3.1943774223327637,4.195842742919922,0.5081907510757446,8192
Movies,44,visual,2,cos_re,0.11800536513328552,-0.11847120523452759,0.11778709292411804,0.3592999279499054,0.5081907510757446,8192
Movies,44,visual,2,cos_rx,0.09322445094585419,-0.13829408586025238,0.10161557793617249,0.31178221106529236,0.5081907510757446,8192
Movies,44,visual,2,cos_ex,0.0058768996968865395,-0.24680264294147491,0.013280307874083519,0.2520832121372223,0.5081907510757446,8192
Movies,44,visual,2,relation_off_corrected_relative_difference,0.821509063243866,,0.817081093788147,0.9950700998306274,0.5081907510757446,8192
Movies,44,visual,2,effect_off_corrected_relative_difference,0.7770439386367798,,0.7716706395149231,0.9286018013954163,0.5081907510757446,8192
Movies,44,visual,2,cross_off_relative_difference,0.37571871280670166,,0.3639734983444214,0.5073776841163635,0.5081907510757446,8192
Movies,44,visual,3,r_norm,5.713967323303223,,5.713627815246582,5.737307071685791,0.5081907510757446,8192
Movies,44,visual,3,e_norm,5.604605674743652,,5.6027960777282715,5.624676704406738,0.5081907510757446,8192
Movies,44,visual,3,x_norm,3.2351245880126953,,3.183255434036255,4.102181434631348,0.5081907510757446,8192
Movies,44,visual,3,cos_re,0.11031026393175125,-0.12561286985874176,0.10843440890312195,0.3502083718776703,0.5081907510757446,8192
Movies,44,visual,3,cos_rx,0.08263282477855682,-0.14428013563156128,0.08942164480686188,0.3024832010269165,0.5081907510757446,8192
Movies,44,visual,3,cos_ex,0.005039310548454523,-0.23612205684185028,0.004898626357316971,0.24544675648212433,0.5081907510757446,8192
Movies,44,visual,3,relation_off_corrected_relative_difference,0.8169226050376892,,0.8148512840270996,0.9809346199035645,0.5081907510757446,8192
Movies,44,visual,3,effect_off_corrected_relative_difference,0.7834740877151489,,0.7773668766021729,0.9312418103218079,0.5081907510757446,8192
Movies,44,visual,3,cross_off_relative_difference,0.3711455762386322,,0.3613318204879761,0.4974617063999176,0.5081907510757446,8192
Grocery,42,text,1,r_norm,5.727815628051758,,5.726404190063477,5.7559733390808105,0.5814857482910156,8192
Grocery,42,text,1,e_norm,5.609764099121094,,5.6099162101745605,5.626376628875732,0.5814857482910156,8192
Grocery,42,text,1,x_norm,3.407761573791504,,3.345841407775879,4.311895847320557,0.5814857482910156,8192
Grocery,42,text,1,cos_re,0.12901166081428528,-0.12065750360488892,0.13405728340148926,0.37400391697883606,0.5814857482910156,8192
Grocery,42,text,1,cos_rx,0.09152065217494965,-0.11654870957136154,0.10097730904817581,0.28423306345939636,0.5814857482910156,8192
Grocery,42,text,1,cos_ex,0.0542113333940506,-0.1697167158126831,0.06211205571889877,0.2686135768890381,0.5814857482910156,8192
Grocery,42,text,1,relation_off_corrected_relative_difference,0.8176574110984802,,0.8147809505462646,0.9683777689933777,0.5814857482910156,8192
Grocery,42,text,1,effect_off_corrected_relative_difference,0.7857512831687927,,0.7784293293952942,0.9463258385658264,0.5814857482910156,8192
Grocery,42,text,1,cross_off_relative_difference,0.3697109520435333,,0.36282581090927124,0.4798102080821991,0.5814857482910156,8192
Grocery,42,text,2,r_norm,5.727815628051758,,5.726404190063477,5.7559733390808105,0.5814857482910156,8192
Grocery,42,text,2,e_norm,5.609415054321289,,5.609159469604492,5.629244327545166,0.5814857482910156,8192
Grocery,42,text,2,x_norm,3.3512706756591797,,3.283201217651367,4.2935991287231445,0.5814857482910156,8192
Grocery,42,text,2,cos_re,0.10319405794143677,-0.16792570054531097,0.10503636300563812,0.37399762868881226,0.5814857482910156,8192
Grocery,42,text,2,cos_rx,0.04736043140292168,-0.18584522604942322,0.060183335095644,0.26006415486335754,0.5814857482910156,8192
Grocery,42,text,2,cos_ex,0.0818396732211113,-0.15182378888130188,0.08877044916152954,0.30311548709869385,0.5814857482910156,8192
Grocery,42,text,2,relation_off_corrected_relative_difference,0.8124088048934937,,0.8113650679588318,0.9729844927787781,0.5814857482910156,8192
Grocery,42,text,2,effect_off_corrected_relative_difference,0.8084052801132202,,0.7960118055343628,0.9806345701217651,0.5814857482910156,8192
Grocery,42,text,2,cross_off_relative_difference,0.3698081970214844,,0.3620077669620514,0.48303574323654175,0.5814857482910156,8192
Grocery,42,text,3,r_norm,5.727815628051758,,5.726404190063477,5.7559733390808105,0.5814857482910156,8192
Grocery,42,text,3,e_norm,5.60899543762207,,5.609292030334473,5.628434181213379,0.5814857482910156,8192
Grocery,42,text,3,x_norm,3.2736897468566895,,3.223633289337158,4.142482280731201,0.5814857482910156,8192
Grocery,42,text,3,cos_re,0.08525191247463226,-0.17956098914146423,0.0812191590666771,0.3626108467578888,0.5814857482910156,8192
Grocery,42,text,3,cos_rx,0.035474956035614014,-0.21552936732769012,0.05029026418924332,0.2556980848312378,0.5814857482910156,8192
Grocery,42,text,3,cos_ex,0.09016886353492737,-0.1313468962907791,0.09663397073745728,0.304502934217453,0.5814857482910156,8192
Grocery,42,text,3,relation_off_corrected_relative_difference,0.8104939460754395,,0.809913158416748,0.9657657742500305,0.5814857482910156,8192
Grocery,42,text,3,effect_off_corrected_relative_difference,0.8154027462005615,,0.8021778464317322,0.9900228381156921,0.5814857482910156,8192
Grocery,42,text,3,cross_off_relative_difference,0.3644372224807739,,0.35550832748413086,0.47514545917510986,0.5814857482910156,8192
Grocery,42,visual,1,r_norm,5.729162216186523,,5.729233741760254,5.747462749481201,0.49893030524253845,8192
Grocery,42,visual,1,e_norm,5.621833801269531,,5.6206536293029785,5.647403717041016,0.49893030524253845,8192
Grocery,42,visual,1,x_norm,3.360483169555664,,3.299198627471924,4.247115135192871,0.49893030524253845,8192
Grocery,42,visual,1,cos_re,0.03493490815162659,-0.2083018720149994,0.044215381145477295,0.2584651708602905,0.49893030524253845,8192
Grocery,42,visual,1,cos_rx,0.06065521389245987,-0.178460955619812,0.06530051678419113,0.2924545705318451,0.49893030524253845,8192
Grocery,42,visual,1,cos_ex,0.04878946393728256,-0.17796961963176727,0.05579547584056854,0.26416894793510437,0.49893030524253845,8192
Grocery,42,visual,1,relation_off_corrected_relative_difference,0.8535935878753662,,0.8482170701026917,1.0201475620269775,0.49893030524253845,8192
Grocery,42,visual,1,effect_off_corrected_relative_difference,0.8311859369277954,,0.8258171081542969,0.9901982545852661,0.49893030524253845,8192
Grocery,42,visual,1,cross_off_relative_difference,0.39205634593963623,,0.3820357322692871,0.5266667008399963,0.49893030524253845,8192
Grocery,42,visual,2,r_norm,5.729162216186523,,5.729233741760254,5.747462749481201,0.49893030524253845,8192
Grocery,42,visual,2,e_norm,5.620204925537109,,5.619779586791992,5.643453121185303,0.49893030524253845,8192
Grocery,42,visual,2,x_norm,3.4161243438720703,,3.3582072257995605,4.331933498382568,0.49893030524253845,8192
Grocery,42,visual,2,cos_re,0.01171043235808611,-0.210047647356987,0.01692950166761875,0.22402653098106384,0.49893030524253845,8192
Grocery,42,visual,2,cos_rx,0.048317573964595795,-0.18689489364624023,0.04987303167581558,0.28090399503707886,0.49893030524253845,8192
Grocery,42,visual,2,cos_ex,0.095311239361763,-0.12270252406597137,0.09948836266994476,0.31157785654067993,0.49893030524253845,8192
Grocery,42,visual,2,relation_off_corrected_relative_difference,0.8397861123085022,,0.8387545943260193,0.994523823261261,0.49893030524253845,8192
Grocery,42,visual,2,effect_off_corrected_relative_difference,0.855387806892395,,0.8528026342391968,1.008304476737976,0.49893030524253845,8192
Grocery,42,visual,2,cross_off_relative_difference,0.39447861909866333,,0.383067786693573,0.5278707146644592,0.49893030524253845,8192
Grocery,42,visual,3,r_norm,5.729162216186523,,5.729233741760254,5.747462749481201,0.49893030524253845,8192
Grocery,42,visual,3,e_norm,5.619562149047852,,5.618029594421387,5.644962787628174,0.49893030524253845,8192
Grocery,42,visual,3,x_norm,3.4108996391296387,,3.356576919555664,4.281872749328613,0.49893030524253845,8192
Grocery,42,visual,3,cos_re,0.007098334841430187,-0.1996455192565918,0.008630745112895966,0.20758222043514252,0.49893030524253845,8192
Grocery,42,visual,3,cos_rx,0.029607485979795456,-0.19480863213539124,0.02616550214588642,0.25636836886405945,0.49893030524253845,8192
Grocery,42,visual,3,cos_ex,0.09958608448505402,-0.12904563546180725,0.10139906406402588,0.32251399755477905,0.49893030524253845,8192
Grocery,42,visual,3,relation_off_corrected_relative_difference,0.8388139009475708,,0.8413693904876709,0.9824559092521667,0.49893030524253845,8192
Grocery,42,visual,3,effect_off_corrected_relative_difference,0.8608246445655823,,0.8600506782531738,1.0054855346679688,0.49893030524253845,8192
Grocery,42,visual,3,cross_off_relative_difference,0.3939274549484253,,0.3848903775215149,0.5196365118026733,0.49893030524253845,8192
Grocery,43,text,1,r_norm,5.706838130950928,,5.70721960067749,5.723442077636719,0.59858638048172,8192
Grocery,43,text,1,e_norm,5.6007184982299805,,5.600119590759277,5.620202541351318,0.59858638048172,8192
Grocery,43,text,1,x_norm,3.1907429695129395,,3.1505022048950195,3.91833233833313,0.59858638048172,8192
Grocery,43,text,1,cos_re,0.09569385647773743,-0.12668061256408691,0.09833405911922455,0.3137197196483612,0.59858638048172,8192
Grocery,43,text,1,cos_rx,0.10404803603887558,-0.12263427674770355,0.10472539067268372,0.326121985912323,0.59858638048172,8192
Grocery,43,text,1,cos_ex,0.022168099880218506,-0.20107245445251465,0.024009549990296364,0.24299369752407074,0.59858638048172,8192
Grocery,43,text,1,relation_off_corrected_relative_difference,0.8410174250602722,,0.8381126523017883,0.997075617313385,0.59858638048172,8192
Grocery,43,text,1,effect_off_corrected_relative_difference,0.7783302068710327,,0.7756131291389465,0.9342349767684937,0.59858638048172,8192
Grocery,43,text,1,cross_off_relative_difference,0.36454352736473083,,0.3545770049095154,0.4849405884742737,0.59858638048172,8192
Grocery,43,text,2,r_norm,5.706838130950928,,5.70721960067749,5.723442077636719,0.59858638048172,8192
Grocery,43,text,2,e_norm,5.606508255004883,,5.605721950531006,5.628618240356445,0.59858638048172,8192
Grocery,43,text,2,x_norm,3.1153180599212646,,3.061163902282715,3.8833370208740234,0.59858638048172,8192
Grocery,43,text,2,cos_re,0.07428199052810669,-0.1555875837802887,0.07451209425926208,0.29892051219940186,0.59858638048172,8192
Grocery,43,text,2,cos_rx,0.11308600008487701,-0.10221456736326218,0.11522641777992249,0.33014196157455444,0.59858638048172,8192
Grocery,43,text,2,cos_ex,0.020339269191026688,-0.20086731016635895,0.022157680243253708,0.2418857216835022,0.59858638048172,8192
Grocery,43,text,2,relation_off_corrected_relative_difference,0.8450803756713867,,0.8434041738510132,0.9909242987632751,0.59858638048172,8192
Grocery,43,text,2,effect_off_corrected_relative_difference,0.7888171672821045,,0.7877674102783203,0.9300733208656311,0.59858638048172,8192
Grocery,43,text,2,cross_off_relative_difference,0.35203737020492554,,0.3425183892250061,0.4614737033843994,0.59858638048172,8192
Grocery,43,text,3,r_norm,5.706838130950928,,5.70721960067749,5.723442077636719,0.59858638048172,8192
Grocery,43,text,3,e_norm,5.608436584472656,,5.607253551483154,5.630542755126953,0.59858638048172,8192
Grocery,43,text,3,x_norm,3.138881206512451,,3.0826315879821777,3.949697732925415,0.59858638048172,8192
Grocery,43,text,3,cos_re,0.08097580075263977,-0.14240814745426178,0.08428946137428284,0.30137404799461365,0.59858638048172,8192
Grocery,43,text,3,cos_rx,0.129087433218956,-0.08730695396661758,0.1294858455657959,0.34493473172187805,0.59858638048172,8192
Grocery,43,text,3,cos_ex,0.02692743018269539,-0.2007913440465927,0.028615396469831467,0.2574942409992218,0.59858638048172,8192
Grocery,43,text,3,relation_off_corrected_relative_difference,0.8478723168373108,,0.8459629416465759,0.9956673979759216,0.59858638048172,8192
Grocery,43,text,3,effect_off_corrected_relative_difference,0.7843692898750305,,0.7839205265045166,0.9235414266586304,0.59858638048172,8192
Grocery,43,text,3,cross_off_relative_difference,0.3511379063129425,,0.34066498279571533,0.46297743916511536,0.59858638048172,8192
Grocery,43,visual,1,r_norm,5.70055627822876,,5.699030876159668,5.716960430145264,0.5291861891746521,8192
Grocery,43,visual,1,e_norm,5.599544525146484,,5.59942626953125,5.616708278656006,0.5291861891746521,8192
Grocery,43,visual,1,x_norm,3.394015312194824,,3.3255724906921387,4.357968330383301,0.5291861891746521,8192
Grocery,43,visual,1,cos_re,0.10575121641159058,-0.13576732575893402,0.10585591197013855,0.3526409864425659,0.5291861891746521,8192
Grocery,43,visual,1,cos_rx,0.002498817164450884,-0.2963332533836365,0.022718973457813263,0.2695257365703583,0.5291861891746521,8192
Grocery,43,visual,1,cos_ex,-0.01709333434700966,-0.23901082575321198,-0.01645311526954174,0.20091001689434052,0.5291861891746521,8192
Grocery,43,visual,1,relation_off_corrected_relative_difference,0.823541522026062,,0.8208898305892944,0.9798571467399597,0.5291861891746521,8192
Grocery,43,visual,1,effect_off_corrected_relative_difference,0.7921090126037598,,0.7868275046348572,0.9541601538658142,0.5291861891746521,8192
Grocery,43,visual,1,cross_off_relative_difference,0.3961699604988098,,0.3817683160305023,0.5387568473815918,0.5291861891746521,8192
Grocery,43,visual,2,r_norm,5.70055627822876,,5.699030876159668,5.716960430145264,0.5291861891746521,8192
Grocery,43,visual,2,e_norm,5.596514701843262,,5.596653938293457,5.6132025718688965,0.5291861891746521,8192
Grocery,43,visual,2,x_norm,3.5139594078063965,,3.3918938636779785,4.642159461975098,0.5291861891746521,8192
Grocery,43,visual,2,cos_re,0.1065460592508316,-0.12530705332756042,0.10479965806007385,0.34421393275260925,0.5291861891746521,8192
Grocery,43,visual,2,cos_rx,-0.003248377703130245,-0.2626973092556,-0.013963621109724045,0.2712669372558594,0.5291861891746521,8192
Grocery,43,visual,2,cos_ex,0.002318182261660695,-0.22817516326904297,0.002466868609189987,0.2367292046546936,0.5291861891746521,8192
Grocery,43,visual,2,relation_off_corrected_relative_difference,0.8282852172851562,,0.8230903148651123,0.9839825630187988,0.5291861891746521,8192
Grocery,43,visual,2,effect_off_corrected_relative_difference,0.8062398433685303,,0.8006265759468079,0.9706788659095764,0.5291861891746521,8192
Grocery,43,visual,2,cross_off_relative_difference,0.40541619062423706,,0.39133626222610474,0.5512897968292236,0.5291861891746521,8192
Grocery,43,visual,3,r_norm,5.70055627822876,,5.699030876159668,5.716960430145264,0.5291861891746521,8192
Grocery,43,visual,3,e_norm,5.595382213592529,,5.595453262329102,5.614231109619141,0.5291861891746521,8192
Grocery,43,visual,3,x_norm,3.528459072113037,,3.4307374954223633,4.656594753265381,0.5291861891746521,8192
Grocery,43,visual,3,cos_re,0.09152667224407196,-0.13517732918262482,0.08739541471004486,0.32265976071357727,0.5291861891746521,8192
Grocery,43,visual,3,cos_rx,-0.023597147315740585,-0.2590000331401825,-0.03840809687972069,0.2420758157968521,0.5291861891746521,8192
Grocery,43,visual,3,cos_ex,0.01659299060702324,-0.20835375785827637,0.01259960699826479,0.25099653005599976,0.5291861891746521,8192
Grocery,43,visual,3,relation_off_corrected_relative_difference,0.8242727518081665,,0.8230469226837158,0.9727396965026855,0.5291861891746521,8192
Grocery,43,visual,3,effect_off_corrected_relative_difference,0.8258423805236816,,0.8277215957641602,0.9914904832839966,0.5291861891746521,8192
Grocery,43,visual,3,cross_off_relative_difference,0.4066891074180603,,0.393843412399292,0.5511829257011414,0.5291861891746521,8192
Grocery,44,text,1,r_norm,5.747023582458496,,5.747043132781982,5.768115997314453,0.5548619031906128,8192
Grocery,44,text,1,e_norm,5.6097822189331055,,5.6095499992370605,5.634385585784912,0.5548619031906128,8192
Grocery,44,text,1,x_norm,3.382455825805664,,3.3375301361083984,4.24277925491333,0.5548619031906128,8192
Grocery,44,text,1,cos_re,0.07170374691486359,-0.13892582058906555,0.07324763387441635,0.28345268964767456,0.5548619031906128,8192
Grocery,44,text,1,cos_rx,0.13906662166118622,-0.10066846013069153,0.15172818303108215,0.35980966687202454,0.5548619031906128,8192
Grocery,44,text,1,cos_ex,0.008163170889019966,-0.2217826247215271,0.007072408217936754,0.2442578673362732,0.5548619031906128,8192
Grocery,44,text,1,relation_off_corrected_relative_difference,0.8592521548271179,,0.8602606058120728,1.0210367441177368,0.5548619031906128,8192
Grocery,44,text,1,effect_off_corrected_relative_difference,0.7724199891090393,,0.7673590183258057,0.9168981313705444,0.5548619031906128,8192
Grocery,44,text,1,cross_off_relative_difference,0.3779711127281189,,0.3687887489795685,0.4971396028995514,0.5548619031906128,8192
Grocery,44,text,2,r_norm,5.747023582458496,,5.747043132781982,5.768115997314453,0.5548619031906128,8192
Grocery,44,text,2,e_norm,5.615543842315674,,5.616290092468262,5.638238430023193,0.5548619031906128,8192
Grocery,44,text,2,x_norm,3.4026827812194824,,3.3436167240142822,4.274198055267334,0.5548619031906128,8192
Grocery,44,text,2,cos_re,0.09887301921844482,-0.11313752830028534,0.10049326717853546,0.30618080496788025,0.5548619031906128,8192
Grocery,44,text,2,cos_rx,0.11956958472728729,-0.1353096216917038,0.13129961490631104,0.3496902585029602,0.5548619031906128,8192
Grocery,44,text,2,cos_ex,0.041888829320669174,-0.17578721046447754,0.04233505576848984,0.2597057819366455,0.5548619031906128,8192
Grocery,44,text,2,relation_off_corrected_relative_difference,0.8383156657218933,,0.8383803367614746,0.9957883358001709,0.5548619031906128,8192
Grocery,44,text,2,effect_off_corrected_relative_difference,0.7707675099372864,,0.7642074823379517,0.920109212398529,0.5548619031906128,8192
Grocery,44,text,2,cross_off_relative_difference,0.3706580102443695,,0.3625762164592743,0.4886219799518585,0.5548619031906128,8192
Grocery,44,text,3,r_norm,5.747023582458496,,5.747043132781982,5.768115997314453,0.5548619031906128,8192
Grocery,44,text,3,e_norm,5.618996620178223,,5.619897842407227,5.641087532043457,0.5548619031906128,8192
Grocery,44,text,3,x_norm,3.415271282196045,,3.367173194885254,4.283024311065674,0.5548619031906128,8192
Grocery,44,text,3,cos_re,0.09912611544132233,-0.11995258927345276,0.10302244126796722,0.3111589848995209,0.5548619031906128,8192
Grocery,44,text,3,cos_rx,0.11813832819461823,-0.12988883256912231,0.1298004537820816,0.3494499921798706,0.5548619031906128,8192
Grocery,44,text,3,cos_ex,0.03441140055656433,-0.17383670806884766,0.03465798497200012,0.24218158423900604,0.5548619031906128,8192
Grocery,44,text,3,relation_off_corrected_relative_difference,0.8428179621696472,,0.8412628173828125,0.9978787899017334,0.5548619031906128,8192
Grocery,44,text,3,effect_off_corrected_relative_difference,0.7697352766990662,,0.7648038864135742,0.9188292026519775,0.5548619031906128,8192
Grocery,44,text,3,cross_off_relative_difference,0.3735349178314209,,0.36707746982574463,0.4875085949897766,0.5548619031906128,8192
Grocery,44,visual,1,r_norm,5.699314594268799,,5.69913387298584,5.723414421081543,0.5097686052322388,8192
Grocery,44,visual,1,e_norm,5.638218879699707,,5.637075424194336,5.660485744476318,0.5097686052322388,8192
Grocery,44,visual,1,x_norm,3.3004796504974365,,3.2401247024536133,4.1826629638671875,0.5097686052322388,8192
Grocery,44,visual,1,cos_re,0.08238295465707779,-0.1523304432630539,0.08698663115501404,0.30926910042762756,0.5097686052322388,8192
Grocery,44,visual,1,cos_rx,0.04594556987285614,-0.19737836718559265,0.05110149085521698,0.2804524004459381,0.5097686052322388,8192
Grocery,44,visual,1,cos_ex,0.018162120133638382,-0.21583551168441772,0.017262592911720276,0.25439393520355225,0.5097686052322388,8192
Grocery,44,visual,1,relation_off_corrected_relative_difference,0.822615385055542,,0.821212887763977,0.9849441051483154,0.5097686052322388,8192
Grocery,44,visual,1,effect_off_corrected_relative_difference,0.8043336868286133,,0.7977176904678345,0.9559373259544373,0.5097686052322388,8192
Grocery,44,visual,1,cross_off_relative_difference,0.38130295276641846,,0.37254706025123596,0.5032283067703247,0.5097686052322388,8192
Grocery,44,visual,2,r_norm,5.699314594268799,,5.69913387298584,5.723414421081543,0.5097686052322388,8192
Grocery,44,visual,2,e_norm,5.6414923667907715,,5.639948844909668,5.665721416473389,0.5097686052322388,8192
Grocery,44,visual,2,x_norm,3.2783241271972656,,3.245612621307373,4.1141037940979,0.5097686052322388,8192
Grocery,44,visual,2,cos_re,0.08405734598636627,-0.1344825029373169,0.09205350279808044,0.2898915112018585,0.5097686052322388,8192
Grocery,44,visual,2,cos_rx,0.01353075634688139,-0.2402341663837433,0.021416667848825455,0.2579302191734314,0.5097686052322388,8192
Grocery,44,visual,2,cos_ex,0.04037494957447052,-0.18182532489299774,0.03753740340471268,0.265957772731781,0.5097686052322388,8192
Grocery,44,visual,2,relation_off_corrected_relative_difference,0.8040923476219177,,0.7990198135375977,0.9677525758743286,0.5097686052322388,8192
Grocery,44,visual,2,effect_off_corrected_relative_difference,0.8072072267532349,,0.797244131565094,0.9606963396072388,0.5097686052322388,8192
Grocery,44,visual,2,cross_off_relative_difference,0.3759062588214874,,0.3681817054748535,0.49708932638168335,0.5097686052322388,8192
Grocery,44,visual,3,r_norm,5.699314594268799,,5.69913387298584,5.723414421081543,0.5097686052322388,8192
Grocery,44,visual,3,e_norm,5.640847682952881,,5.638925552368164,5.664515972137451,0.5097686052322388,8192
Grocery,44,visual,3,x_norm,3.232700824737549,,3.1960959434509277,4.054677963256836,0.5097686052322388,8192
Grocery,44,visual,3,cos_re,0.07680435478687286,-0.12752968072891235,0.0817246288061142,0.2762554883956909,0.5097686052322388,8192
Grocery,44,visual,3,cos_rx,0.02316129207611084,-0.2195962518453598,0.026434829458594322,0.26249751448631287,0.5097686052322388,8192
Grocery,44,visual,3,cos_ex,0.057330675423145294,-0.1401021033525467,0.05500708520412445,0.26412853598594666,0.5097686052322388,8192
Grocery,44,visual,3,relation_off_corrected_relative_difference,0.8069791793823242,,0.800214946269989,0.9644266963005066,0.5097686052322388,8192
Grocery,44,visual,3,effect_off_corrected_relative_difference,0.8033303022384644,,0.7955822348594666,0.9523231983184814,0.5097686052322388,8192
Grocery,44,visual,3,cross_off_relative_difference,0.36562061309814453,,0.3576187491416931,0.4832356572151184,0.5097686052322388,8192
