dataset,seed,variant,modality,order,atom_relative_difference_mean,atom_relative_difference_p50,atom_relative_difference_p90,G_relative_difference_mean,G_relative_difference_p50,G_relative_difference_p90,sample_edges,semantic_max_abs_error,val_acc,val_macro_f1,delta_val_acc_vs_full,delta_val_macro_f1_vs_full,provenance_residual_relative_difference_mean,provenance_residual_relative_difference_p50,provenance_residual_relative_difference_p90
Movies,42,relation_off_corrected,text,1,0.884788990020752,0.8838673830032349,1.0334174633026123,0.3861222565174103,0.36093229055404663,0.6129273772239685,8192,0.0,,,,,,,
Movies,42,relation_off_corrected,text,2,0.8599640130996704,0.8611571788787842,1.013443946838379,0.44007399678230286,0.4219587445259094,0.6833998560905457,8192,0.0,,,,,,,
Movies,42,relation_off_corrected,text,3,0.8555273413658142,0.8580346703529358,1.0072531700134277,0.7223669290542603,0.704196572303772,1.0996595621109009,8192,0.0,0.5209957957267761,0.4002908895509121,-0.009298145771026611,-0.013836255359306215,0.5971471071243286,0.5419785976409912,1.0109530687332153
Movies,42,relation_off_corrected,visual,1,0.8213503360748291,0.8171210289001465,0.9722302556037903,0.40696999430656433,0.38121384382247925,0.5938850045204163,8192,0.0,,,,,,,
Movies,42,relation_off_corrected,visual,2,0.8472128510475159,0.8461363911628723,1.004146933555603,0.5425493717193604,0.5188748836517334,0.7935869693756104,8192,0.0,,,,,,,
Movies,42,relation_off_corrected,visual,3,0.843438446521759,0.8414787650108337,0.9970679879188538,0.726728618144989,0.6696369647979736,1.2093998193740845,8192,0.0,0.5209957957267761,0.4002908895509121,-0.009298145771026611,-0.013836255359306215,0.5971471071243286,0.5419785976409912,1.0109530687332153
Movies,42,effect_off_corrected,text,1,0.8630354404449463,0.8592981696128845,1.021870493888855,0.348648339509964,0.33543118834495544,0.5136365294456482,8192,0.0,,,,,,,
Movies,42,effect_off_corrected,text,2,0.8485353589057922,0.8553842306137085,0.9857032895088196,0.3609546422958374,0.35232406854629517,0.5218906402587891,8192,0.0,,,,,,,
Movies,42,effect_off_corrected,text,3,0.8490506410598755,0.857305109500885,0.9815844297409058,0.4366391599178314,0.39962038397789,0.683588981628418,8192,0.0,0.5281943678855896,0.4031759818445602,-0.0020995736122131348,-0.010951163065658076,0.3270399868488312,0.229683980345726,0.6903417706489563
Movies,42,effect_off_corrected,visual,1,0.7832095623016357,0.779775083065033,0.9362581968307495,0.33155563473701477,0.3130464553833008,0.49142754077911377,8192,0.0,,,,,,,
Movies,42,effect_off_corrected,visual,2,0.7902442216873169,0.7892118692398071,0.947156548500061,0.45432326197624207,0.43249696493148804,0.6765468716621399,8192,0.0,,,,,,,
Movies,42,effect_off_corrected,visual,3,0.7879120111465454,0.7858699560165405,0.9451851844787598,0.46935078501701355,0.41525113582611084,0.7759422659873962,8192,0.0,0.5281943678855896,0.4031759818445602,-0.0020995736122131348,-0.010951163065658076,0.3270399868488312,0.229683980345726,0.6903417706489563
Movies,42,cross_off,text,1,0.3877798914909363,0.37713706493377686,0.5139851570129395,0.12446394562721252,0.11586597561836243,0.18438313901424408,8192,0.0,,,,,,,
Movies,42,cross_off,text,2,0.3814108669757843,0.3757428526878357,0.49716639518737793,0.14939436316490173,0.13732129335403442,0.22852253913879395,8192,0.0,,,,,,,
Movies,42,cross_off,text,3,0.38293755054473877,0.3779464364051819,0.49475714564323425,0.21199649572372437,0.18763595819473267,0.3449718952178955,8192,0.0,0.5272945165634155,0.40511195864467836,-0.002999424934387207,-0.009015186265539932,0.1361197531223297,0.09170258045196533,0.2886635661125183
Movies,42,cross_off,visual,1,0.376783549785614,0.3659955561161041,0.4965752959251404,0.14125163853168488,0.1302950084209442,0.20987793803215027,8192,0.0,,,,,,,
Movies,42,cross_off,visual,2,0.3895951211452484,0.38297948241233826,0.5108853578567505,0.1862124353647232,0.17093229293823242,0.2800021767616272,8192,0.0,,,,,,,
Movies,42,cross_off,visual,3,0.3855300545692444,0.3758549094200134,0.5075801610946655,0.19657941162586212,0.17013706266880035,0.32316598296165466,8192,0.0,0.5272945165634155,0.40511195864467836,-0.002999424934387207,-0.009015186265539932,0.1361197531223297,0.09170258045196533,0.2886635661125183
Movies,43,relation_off_corrected,text,1,0.823095440864563,0.8219549655914307,0.9498674869537354,0.3206048607826233,0.32087546586990356,0.41558051109313965,8192,0.0,,,,,,,
Movies,43,relation_off_corrected,text,2,0.9257498979568481,0.924566388130188,1.079769492149353,0.38883042335510254,0.37200358510017395,0.5611478090286255,8192,0.0,,,,,,,
Movies,43,relation_off_corrected,text,3,0.9556224346160889,0.9553349018096924,1.1086921691894531,0.511591374874115,0.47475478053092957,0.7759128212928772,8192,0.0,0.5194960832595825,0.3295897047355117,-0.008998215198516846,0.0020162034755761837,0.5045779943466187,0.42436495423316956,0.9192455410957336
Movies,43,relation_off_corrected,visual,1,0.8317928910255432,0.8246891498565674,0.9912488460540771,0.4024260342121124,0.38135331869125366,0.5798805952072144,8192,0.0,,,,,,,
Movies,43,relation_off_corrected,visual,2,0.8159984350204468,0.804349422454834,1.0159670114517212,0.5881426334381104,0.5657490491867065,0.8351225852966309,8192,0.0,,,,,,,
Movies,43,relation_off_corrected,visual,3,0.8161288499832153,0.8048174381256104,1.0129048824310303,0.6998648047447205,0.6683036088943481,1.0389273166656494,8192,0.0,0.5194960832595825,0.3295897047355117,-0.008998215198516846,0.0020162034755761837,0.5045779943466187,0.42436495423316956,0.9192455410957336
Movies,43,effect_off_corrected,text,1,0.8513655066490173,0.8487346768379211,1.0135376453399658,0.2722710967063904,0.261172890663147,0.3738658130168915,8192,0.0,,,,,,,
Movies,43,effect_off_corrected,text,2,0.9124590158462524,0.9107325673103333,1.0655858516693115,0.3637722432613373,0.3465655446052551,0.5130979418754578,8192,0.0,,,,,,,
Movies,43,effect_off_corrected,text,3,0.9407549500465393,0.9424278736114502,1.0834846496582031,0.39260047674179077,0.3750770092010498,0.546749472618103,8192,0.0,0.5230953693389893,0.30433337040519315,-0.005398929119110107,-0.023240130854742358,0.2896549105644226,0.22046974301338196,0.5701227188110352
Movies,43,effect_off_corrected,visual,1,0.8196921348571777,0.8182196617126465,0.9554197788238525,0.34436917304992676,0.3268643617630005,0.5000634789466858,8192,0.0,,,,,,,
Movies,43,effect_off_corrected,visual,2,0.8168907165527344,0.8157156705856323,0.9552891254425049,0.473463773727417,0.45285677909851074,0.6978111863136292,8192,0.0,,,,,,,
Movies,43,effect_off_corrected,visual,3,0.8192614316940308,0.8143640756607056,0.9674960374832153,0.5129586458206177,0.4725688099861145,0.8219338655471802,8192,0.0,0.5230953693389893,0.30433337040519315,-0.005398929119110107,-0.023240130854742358,0.2896549105644226,0.22046974301338196,0.5701227188110352
Movies,43,cross_off,text,1,0.3576655983924866,0.3500307500362396,0.47306177020072937,0.11113429814577103,0.10586586594581604,0.15475602447986603,8192,0.0,,,,,,,
Movies,43,cross_off,text,2,0.39748644828796387,0.39040517807006836,0.5256260633468628,0.13304077088832855,0.12778565287590027,0.18225941061973572,8192,0.0,,,,,,,
Movies,43,cross_off,text,3,0.4077639579772949,0.4022144377231598,0.5298573970794678,0.15146690607070923,0.14306135475635529,0.21588796377182007,8192,0.0,0.5257948637008667,0.32151076901477765,-0.002699434757232666,-0.006062732245157854,0.09839033335447311,0.07486701011657715,0.18993468582630157
Movies,43,cross_off,visual,1,0.4008290767669678,0.3945855498313904,0.5200465321540833,0.14641264081001282,0.1360984444618225,0.21739867329597473,8192,0.0,,,,,,,
Movies,43,cross_off,visual,2,0.4099932909011841,0.4057181477546692,0.5291610956192017,0.19496876001358032,0.1807863861322403,0.28926143050193787,8192,0.0,,,,,,,
Movies,43,cross_off,visual,3,0.41128411889076233,0.40716755390167236,0.5293489098548889,0.2245476394891739,0.20828589797019958,0.3424486219882965,8192,0.0,0.5257948637008667,0.32151076901477765,-0.002699434757232666,-0.006062732245157854,0.09839033335447311,0.07486701011657715,0.18993468582630157
Movies,44,relation_off_corrected,text,1,0.8726847171783447,0.8644402623176575,1.0321682691574097,0.330018013715744,0.310563862323761,0.47818416357040405,8192,0.0,,,,,,,
Movies,44,relation_off_corrected,text,2,0.8065205812454224,0.7955013513565063,0.9765522480010986,0.5733938813209534,0.5460477471351624,0.8712195754051208,8192,0.0,,,,,,,
Movies,44,relation_off_corrected,text,3,0.7964500188827515,0.7830265760421753,0.9650101065635681,0.7277161478996277,0.6763609647750854,1.2334010601043701,8192,0.0,0.5047990679740906,0.3049368671045363,-0.026394665241241455,-0.08016009518834583,0.6425338387489319,0.4883706867694855,1.3554519414901733
Movies,44,relation_off_corrected,visual,1,0.8196985125541687,0.8186236619949341,0.9613407850265503,0.3196917772293091,0.3076098561286926,0.4430095851421356,8192,0.0,,,,,,,
Movies,44,relation_off_corrected,visual,2,0.821509063243866,0.817081093788147,0.9950700998306274,0.4737453758716583,0.4531102776527405,0.6794008016586304,8192,0.0,,,,,,,
Movies,44,relation_off_corrected,visual,3,0.8169226050376892,0.8148512840270996,0.9809346199035645,0.7107838988304138,0.6591068506240845,1.1324183940887451,8192,0.0,0.5047990679740906,0.3049368671045363,-0.026394665241241455,-0.08016009518834583,0.6425338387489319,0.4883706867694855,1.3554519414901733
Movies,44,effect_off_corrected,text,1,0.7876948118209839,0.7844483852386475,0.9474389553070068,0.2900082468986511,0.27931538224220276,0.39344164729118347,8192,0.0,,,,,,,
Movies,44,effect_off_corrected,text,2,0.7449833154678345,0.7392624616622925,0.8979192972183228,0.381293922662735,0.361047625541687,0.5728967785835266,8192,0.0,,,,,,,
Movies,44,effect_off_corrected,text,3,0.7398710250854492,0.7350398302078247,0.8885950446128845,0.42528119683265686,0.37036508321762085,0.7426740527153015,8192,0.0,0.531193733215332,0.38200025285591693,0.0,-0.003096709436965217,0.25057128071784973,0.12594062089920044,0.6240358948707581
Movies,44,effect_off_corrected,visual,1,0.764377236366272,0.7598890066146851,0.9106061458587646,0.25187790393829346,0.2409505844116211,0.34972095489501953,8192,0.0,,,,,,,
Movies,44,effect_off_corrected,visual,2,0.7770439386367798,0.7716706395149231,0.928601861000061,0.32514089345932007,0.3021150827407837,0.48432937264442444,8192,0.0,,,,,,,
Movies,44,effect_off_corrected,visual,3,0.7834740877151489,0.7773668766021729,0.9312418699264526,0.38428181409835815,0.33638620376586914,0.6418030858039856,8192,0.0,0.531193733215332,0.38200025285591693,0.0,-0.003096709436965217,0.25057128071784973,0.12594062089920044,0.6240358948707581
Movies,44,cross_off,text,1,0.3990597724914551,0.3737538456916809,0.557392418384552,0.12133204936981201,0.1117251068353653,0.17853747308254242,8192,0.0,,,,,,,
Movies,44,cross_off,text,2,0.3820168375968933,0.3663575053215027,0.5205498337745667,0.17907293140888214,0.16563239693641663,0.275163471698761,8192,0.0,,,,,,,
Movies,44,cross_off,text,3,0.37433817982673645,0.35986167192459106,0.4995448887348175,0.20374126732349396,0.17287448048591614,0.3737381100654602,8192,0.0,0.529994010925293,0.37809641643682007,-0.0011997222900390625,-0.007000545856062079,0.12414807826280594,0.0619904100894928,0.3178277909755707
Movies,44,cross_off,visual,1,0.37060225009918213,0.3618929386138916,0.4908623993396759,0.11873460561037064,0.11132635176181793,0.17245100438594818,8192,0.0,,,,,,,
Movies,44,cross_off,visual,2,0.37571871280670166,0.36397355794906616,0.5073776841163635,0.16887210309505463,0.15494738519191742,0.25878745317459106,8192,0.0,,,,,,,
Movies,44,cross_off,visual,3,0.3711455762386322,0.3613318204879761,0.4974617660045624,0.18647608160972595,0.15549886226654053,0.33190828561782837,8192,0.0,0.529994010925293,0.37809641643682007,-0.0011997222900390625,-0.007000545856062079,0.12414807826280594,0.0619904100894928,0.3178277909755707
Grocery,42,relation_off_corrected,text,1,0.817657470703125,0.8147809505462646,0.9683777689933777,0.4621541202068329,0.42678946256637573,0.7219135761260986,8192,0.0,,,,,,,
Grocery,42,relation_off_corrected,text,2,0.8124088048934937,0.8113650679588318,0.9729844927787781,0.6232500076293945,0.5796451568603516,0.9782564043998718,8192,0.0,,,,,,,
Grocery,42,relation_off_corrected,text,3,0.8104939460754395,0.809913158416748,0.9657657742500305,0.7623696327209473,0.7067117094993591,1.2415491342544556,8192,0.0,0.7932649850845337,0.7098567753438286,-0.015226960182189941,-0.015599848580477471,0.7657853364944458,0.7334280014038086,1.1877762079238892
Grocery,42,relation_off_corrected,visual,1,0.8535935878753662,0.8482170701026917,1.0201475620269775,0.4258809983730316,0.3978680968284607,0.6546420454978943,8192,0.0,,,,,,,
Grocery,42,relation_off_corrected,visual,2,0.8397860527038574,0.8387545943260193,0.9945237636566162,0.6514438986778259,0.6237415075302124,0.9802642464637756,8192,0.0,,,,,,,
Grocery,42,relation_off_corrected,visual,3,0.8388139009475708,0.8413694500923157,0.9824559688568115,0.9120211005210876,0.8727501630783081,1.4000186920166016,8192,0.0,0.7932649850845337,0.7098567753438286,-0.015226960182189941,-0.015599848580477471,0.7657853364944458,0.7334280014038086,1.1877762079238892
Grocery,42,effect_off_corrected,text,1,0.7857512831687927,0.7784293293952942,0.9463258385658264,0.35604923963546753,0.32304495573043823,0.5605936050415039,8192,0.0,,,,,,,
Grocery,42,effect_off_corrected,text,2,0.808405339717865,0.7960116863250732,0.9806344509124756,0.46020159125328064,0.4120595157146454,0.7390704154968262,8192,0.0,,,,,,,
Grocery,42,effect_off_corrected,text,3,0.8154027462005615,0.8021778464317322,0.9900228381156921,0.5660830140113831,0.4748791456222534,1.0168133974075317,8192,0.0,0.8046852350234985,0.720680466957156,-0.0038067102432250977,-0.004776156967150058,0.49640536308288574,0.37600013613700867,0.9907499551773071
Grocery,42,effect_off_corrected,visual,1,0.8311859369277954,0.8258171081542969,0.9901983737945557,0.38747671246528625,0.3625885844230652,0.5795242786407471,8192,0.0,,,,,,,
Grocery,42,effect_off_corrected,visual,2,0.855387806892395,0.8528026342391968,1.008304476737976,0.45791563391685486,0.4322913587093353,0.6761659979820251,8192,0.0,,,,,,,
Grocery,42,effect_off_corrected,visual,3,0.8608246445655823,0.8600506782531738,1.0054855346679688,0.6283323764801025,0.5853774547576904,1.0184247493743896,8192,0.0,0.8046852350234985,0.720680466957156,-0.0038067102432250977,-0.004776156967150058,0.49640536308288574,0.37600013613700867,0.9907499551773071
Grocery,42,cross_off,text,1,0.3697109520435333,0.362825870513916,0.4798101782798767,0.16643744707107544,0.15384449064731598,0.2504122853279114,8192,0.0,,,,,,,
Grocery,42,cross_off,text,2,0.3698081970214844,0.3620077669620514,0.483035683631897,0.2167101800441742,0.19739532470703125,0.3385463058948517,8192,0.0,,,,,,,
Grocery,42,cross_off,text,3,0.3644372224807739,0.35550832748413086,0.4751454293727875,0.2524086833000183,0.2166583389043808,0.44100186228752136,8192,0.0,0.8090776205062866,0.7280065067459741,0.0005856752395629883,0.0025498828216680147,0.20511361956596375,0.1576870083808899,0.40072572231292725
Grocery,42,cross_off,visual,1,0.39205634593963623,0.3820357322692871,0.5266667008399963,0.19291988015174866,0.17484396696090698,0.30415454506874084,8192,0.0,,,,,,,
Grocery,42,cross_off,visual,2,0.39447861909866333,0.383067786693573,0.5278706550598145,0.21399611234664917,0.19479092955589294,0.3310506045818329,8192,0.0,,,,,,,
Grocery,42,cross_off,visual,3,0.3939274549484253,0.3848903477191925,0.5196365118026733,0.2721944749355316,0.23938089609146118,0.455190509557724,8192,0.0,0.8090776205062866,0.7280065067459741,0.0005856752395629883,0.0025498828216680147,0.20511361956596375,0.1576870083808899,0.40072572231292725
Grocery,43,relation_off_corrected,text,1,0.8410174250602722,0.8381127119064331,0.9970755577087402,0.45611467957496643,0.4329051673412323,0.6764649748802185,8192,0.0,,,,,,,
Grocery,43,relation_off_corrected,text,2,0.8450804352760315,0.8434041738510132,0.9909242987632751,0.7081083655357361,0.6504371166229248,1.1538692712783813,8192,0.0,,,,,,,
Grocery,43,relation_off_corrected,text,3,0.8478723168373108,0.8459628820419312,0.9956674575805664,0.8185999393463135,0.7210997343063354,1.463166356086731,8192,0.0,0.7882869839668274,0.676200389557528,-0.022547543048858643,-0.021165004437567303,0.8081011772155762,0.6894955635070801,1.5036952495574951
Grocery,43,relation_off_corrected,visual,1,0.823541522026062,0.8208898305892944,0.9798570871353149,0.4486030340194702,0.41907525062561035,0.6705189347267151,8192,0.0,,,,,,,
Grocery,43,relation_off_corrected,visual,2,0.8282851576805115,0.8230903148651123,0.9839825630187988,0.7441842555999756,0.7167961597442627,1.07498300075531,8192,0.0,,,,,,,
Grocery,43,relation_off_corrected,visual,3,0.8242727518081665,0.8230469226837158,0.9727396965026855,0.8467780947685242,0.8122315406799316,1.259441614151001,8192,0.0,0.7882869839668274,0.676200389557528,-0.022547543048858643,-0.021165004437567303,0.8081011772155762,0.6894955635070801,1.5036952495574951
Grocery,43,effect_off_corrected,text,1,0.7783302068710327,0.7756131291389465,0.9342349767684937,0.3165268898010254,0.284170001745224,0.5014452934265137,8192,0.0,,,,,,,
Grocery,43,effect_off_corrected,text,2,0.7888171672821045,0.7877674102783203,0.9300732612609863,0.43718206882476807,0.37732410430908203,0.7557960748672485,8192,0.0,,,,,,,
Grocery,43,effect_off_corrected,text,3,0.7843692898750305,0.7839205265045166,0.9235413670539856,0.4720477759838104,0.3889666199684143,0.8541789650917053,8192,0.0,0.8079062700271606,0.6963624551296961,-0.0029282569885253906,-0.001002938865399261,0.4483434855937958,0.31525683403015137,0.9339132308959961
Grocery,43,effect_off_corrected,visual,1,0.7921090722084045,0.7868275046348572,0.954160213470459,0.3874821364879608,0.3519240915775299,0.6071522831916809,8192,0.0,,,,,,,
Grocery,43,effect_off_corrected,visual,2,0.8062398433685303,0.8006265759468079,0.9706788063049316,0.5554539561271667,0.5268719792366028,0.8216497898101807,8192,0.0,,,,,,,
Grocery,43,effect_off_corrected,visual,3,0.8258424401283264,0.8277215957641602,0.9914904832839966,0.6132761240005493,0.556218147277832,0.9768317937850952,8192,0.0,0.8079062700271606,0.6963624551296961,-0.0029282569885253906,-0.001002938865399261,0.4483434855937958,0.31525683403015137,0.9339132308959961
Grocery,43,cross_off,text,1,0.36454352736473083,0.354576975107193,0.4849404990673065,0.1479211151599884,0.13366389274597168,0.23850110173225403,8192,0.0,,,,,,,
Grocery,43,cross_off,text,2,0.35203737020492554,0.3425183892250061,0.46147364377975464,0.1902799755334854,0.16426822543144226,0.31728652119636536,8192,0.0,,,,,,,
Grocery,43,cross_off,text,3,0.3511379063129425,0.3406650125980377,0.46297746896743774,0.20018401741981506,0.15794730186462402,0.35820844769477844,8192,0.0,0.812005877494812,0.7017465890789184,0.0011713504791259766,0.004381195083823064,0.18033447861671448,0.12143750488758087,0.3589043617248535
Grocery,43,cross_off,visual,1,0.3961699306964874,0.3817683458328247,0.538756787776947,0.17696307599544525,0.15785527229309082,0.2837812602519989,8192,0.0,,,,,,,
Grocery,43,cross_off,visual,2,0.40541619062423706,0.39133620262145996,0.5512897968292236,0.2552729547023773,0.23683306574821472,0.38730859756469727,8192,0.0,,,,,,,
Grocery,43,cross_off,visual,3,0.4066891074180603,0.3938433527946472,0.5511829853057861,0.27973902225494385,0.24786454439163208,0.44555461406707764,8192,0.0,0.812005877494812,0.7017465890789184,0.0011713504791259766,0.004381195083823064,0.18033447861671448,0.12143750488758087,0.3589043617248535
Grocery,44,relation_off_corrected,text,1,0.8592521548271179,0.8602606058120728,1.0210367441177368,0.475909948348999,0.438420832157135,0.7403366565704346,8192,0.0,,,,,,,
Grocery,44,relation_off_corrected,text,2,0.8383156657218933,0.8383802771568298,0.9957883358001709,0.6930412650108337,0.6630160808563232,1.013315200805664,8192,0.0,,,,,,,
Grocery,44,relation_off_corrected,text,3,0.842818021774292,0.8412628173828125,0.9978788495063782,0.8859896063804626,0.8280776739120483,1.447116732597351,8192,0.0,0.8023425936698914,0.7039944002455922,-0.01698392629623413,-0.007697996315131239,0.8255650401115417,0.8007124066352844,1.353998064994812
Grocery,44,relation_off_corrected,visual,1,0.822615385055542,0.821212887763977,0.9849441051483154,0.47243404388427734,0.4437486231327057,0.7296894788742065,8192,0.0,,,,,,,
Grocery,44,relation_off_corrected,visual,2,0.8040923476219177,0.7990198135375977,0.9677525758743286,0.7524949908256531,0.7094699740409851,1.179253339767456,8192,0.0,,,,,,,
Grocery,44,relation_off_corrected,visual,3,0.8069791793823242,0.8002150058746338,0.9644266963005066,0.9214996695518494,0.8723583221435547,1.4589673280715942,8192,0.0,0.8023425936698914,0.7039944002455922,-0.01698392629623413,-0.007697996315131239,0.8255650401115417,0.8007124066352844,1.353998064994812
Grocery,44,effect_off_corrected,text,1,0.7724199295043945,0.7673590183258057,0.9168981909751892,0.33722057938575745,0.31520265340805054,0.4962422847747803,8192,0.0,,,,,,,
Grocery,44,effect_off_corrected,text,2,0.7707675099372864,0.7642074823379517,0.920109212398529,0.4666178524494171,0.43833231925964355,0.7181861996650696,8192,0.0,,,,,,,
Grocery,44,effect_off_corrected,text,3,0.7697352766990662,0.7648038864135742,0.9188292026519775,0.501833975315094,0.4611528813838959,0.8369676470756531,8192,0.0,0.8175695538520813,0.7125345866462107,-0.0017569661140441895,0.0008421900854872488,0.3566279411315918,0.28261178731918335,0.6795368790626526
Grocery,44,effect_off_corrected,visual,1,0.8043336868286133,0.7977176904678345,0.9559372663497925,0.3698211908340454,0.3477987051010132,0.5462059378623962,8192,0.0,,,,,,,
Grocery,44,effect_off_corrected,visual,2,0.8072072267532349,0.797244131565094,0.9606963396072388,0.4339790940284729,0.3973081707954407,0.6671217083930969,8192,0.0,,,,,,,
Grocery,44,effect_off_corrected,visual,3,0.8033303022384644,0.7955821752548218,0.9523231983184814,0.5169456005096436,0.46542489528656006,0.8361515998840332,8192,0.0,0.8175695538520813,0.7125345866462107,-0.0017569661140441895,0.0008421900854872488,0.3566279411315918,0.28261178731918335,0.6795368790626526
Grocery,44,cross_off,text,1,0.3779711127281189,0.36878877878189087,0.49713966250419617,0.16560956835746765,0.15058299899101257,0.2584775388240814,8192,0.0,,,,,,,
Grocery,44,cross_off,text,2,0.3706580102443695,0.3625762164592743,0.4886219799518585,0.24375544488430023,0.2215091586112976,0.3954268991947174,8192,0.0,,,,,,,
Grocery,44,cross_off,text,3,0.3735349178314209,0.36707746982574463,0.4875085949897766,0.25288650393486023,0.21758444607257843,0.442638635635376,8192,0.0,0.8213762640953064,0.7139148868146293,0.002049744129180908,0.002222490253905862,0.18921855092048645,0.14529961347579956,0.3691457211971283
Grocery,44,cross_off,visual,1,0.38130295276641846,0.37254706025123596,0.5032283067703247,0.17230407893657684,0.15712317824363708,0.2698749601840973,8192,0.0,,,,,,,
Grocery,44,cross_off,visual,2,0.3759062886238098,0.36818164587020874,0.4970893859863281,0.22264763712882996,0.19449979066848755,0.3714306056499481,8192,0.0,,,,,,,
Grocery,44,cross_off,visual,3,0.36562061309814453,0.3576187491416931,0.4832356572151184,0.2524651885032654,0.2118128389120102,0.43774959444999695,8192,0.0,0.8213762640953064,0.7139148868146293,0.002049744129180908,0.002222490253905862,0.18921855092048645,0.14529961347579956,0.3691457211971283
