dataset,seed,modality,order,source_history_shuffle_seed_3407_difference_mean,source_history_shuffle_seed_3407_difference_p50,source_history_shuffle_seed_3407_difference_p90,source_history_shuffle_seed_3408_difference_mean,source_history_shuffle_seed_3408_difference_p50,source_history_shuffle_seed_3408_difference_p90,source_history_shuffle_seed_3409_difference_mean,source_history_shuffle_seed_3409_difference_p50,source_history_shuffle_seed_3409_difference_p90,source_history_off_difference_mean,source_history_off_difference_p50,source_history_off_difference_p90,target_memory_off_difference_mean,target_memory_off_difference_p50,target_memory_off_difference_p90,source_history_shuffle_difference_mean_mean,source_history_shuffle_difference_mean_p50,source_history_shuffle_difference_mean_p90,source_history_shuffle_difference_sd_mean,source_history_shuffle_difference_sd_p50,source_history_shuffle_difference_sd_p90,source_shuffle_seed_mean_global,source_shuffle_seed_population_sd_global,semantic_max_abs_error
Movies,42,text,2,0.1384671926498413,0.11344196647405624,0.24678394198417664,0.13839836418628693,0.11409381031990051,0.2470964640378952,0.13667669892311096,0.1126561388373375,0.2416408509016037,0.42677250504493713,0.406196653842926,0.623756468296051,1.1616184711456299,1.1979124546051025,1.3347702026367188,0.1378474235534668,0.11942294985055923,0.22945000231266022,0.03493192419409752,0.02353893220424652,0.0786634162068367,0.1378474235534668,0.0008283006027340889,0.0
Movies,42,text,3,0.16422030329704285,0.14578083157539368,0.265921026468277,0.16345152258872986,0.14553730189800262,0.2625786066055298,0.1631433069705963,0.14468447864055634,0.2627410888671875,0.6717187166213989,0.6578435897827148,0.9427735805511475,0.986558198928833,0.966220498085022,1.2473827600479126,0.16360504925251007,0.1494622379541397,0.2444959431886673,0.03626212477684021,0.02734782174229622,0.07541273534297943,0.16360504925251007,0.00045288479304872453,0.0
Movies,42,visual,2,0.24216210842132568,0.20493534207344055,0.4176780879497528,0.24238081276416779,0.20404532551765442,0.4196624457836151,0.2404009848833084,0.20215901732444763,0.4131167531013489,0.7090962529182434,0.7031777501106262,1.0098378658294678,1.0829435586929321,1.091979742050171,1.274185061454773,0.24164797365665436,0.21209487318992615,0.3939440846443176,0.05632377788424492,0.0380585752427578,0.12387101352214813,0.24164795875549316,0.0008862617542035878,0.0
Movies,42,visual,3,0.28883498907089233,0.2562189996242523,0.4687850773334503,0.2905811667442322,0.25784188508987427,0.47414422035217285,0.2892340123653412,0.25524216890335083,0.47773095965385437,0.7718168497085571,0.775564432144165,1.1393523216247559,0.9181824922561646,0.904595673084259,1.2054802179336548,0.2895500361919403,0.26178574562072754,0.4445183277130127,0.06384552270174026,0.047521673142910004,0.13306216895580292,0.2895500659942627,0.00074708869215101,0.0
Movies,43,text,2,0.09676115959882736,0.08876969665288925,0.1452655792236328,0.09712615609169006,0.08921418339014053,0.14569351077079773,0.09698379039764404,0.08935105800628662,0.14463628828525543,0.4740253686904907,0.46234560012817383,0.6224672794342041,1.1684054136276245,1.1869139671325684,1.2811304330825806,0.09695703536272049,0.09077803045511246,0.13706748187541962,0.018111204728484154,0.0144105926156044,0.035408977419137955,0.09695704281330109,0.00015020398132037371,0.0
Movies,43,text,3,0.14627215266227722,0.13485658168792725,0.2236146181821823,0.1451665759086609,0.1336975246667862,0.22019357979297638,0.14535945653915405,0.13388580083847046,0.2197997123003006,0.40205904841423035,0.38438212871551514,0.5605291724205017,1.3634259700775146,1.385256290435791,1.4993669986724854,0.1455993950366974,0.1365661770105362,0.2086370438337326,0.027186384424567223,0.021470308303833008,0.05229246988892555,0.1455993950366974,0.0004821845213882625,0.0
Movies,43,visual,2,0.21553830802440643,0.18699991703033447,0.3551466464996338,0.21625320613384247,0.1873728632926941,0.35512247681617737,0.21644169092178345,0.18808549642562866,0.35222023725509644,0.6960482597351074,0.6783874034881592,0.9604383111000061,1.146568775177002,1.155507206916809,1.3837822675704956,0.2160777449607849,0.1930413395166397,0.3338162899017334,0.04932088777422905,0.03589659929275513,0.10243304818868637,0.2160777449607849,0.00038911562296561897,0.0
Movies,43,visual,3,0.3124696910381317,0.26998305320739746,0.5481675863265991,0.3145206868648529,0.2738727927207947,0.5407045483589172,0.31241968274116516,0.26892632246017456,0.5458641052246094,0.7107754945755005,0.6866722106933594,1.0247199535369873,1.1040796041488647,1.1119434833526611,1.3538930416107178,0.3131366968154907,0.27708736062049866,0.5125660300254822,0.06345117092132568,0.04540098458528519,0.13606001436710358,0.3131366968154907,0.0009788487805053592,0.0
Movies,44,text,2,0.1380903273820877,0.12073488533496857,0.21407464146614075,0.13800783455371857,0.12126809358596802,0.2146190106868744,0.1360594779253006,0.11932072043418884,0.21185016632080078,0.5130612254142761,0.518112063407898,0.6818164587020874,1.2053749561309814,1.217740535736084,1.363097071647644,0.13738588988780975,0.1226046234369278,0.202398419380188,0.028530655428767204,0.020757388323545456,0.05788029730319977,0.13738588988780975,0.0009385122684761882,0.0
Movies,44,text,3,0.23173029720783234,0.20789431035518646,0.3669257164001465,0.23485378921031952,0.21018342673778534,0.37316834926605225,0.23185929656028748,0.207401305437088,0.3645302653312683,0.556652843952179,0.5418370962142944,0.7457043528556824,1.1154956817626953,1.117614984512329,1.2754034996032715,0.2328144609928131,0.21038827300071716,0.35419949889183044,0.04800843819975853,0.03254440426826477,0.10052742063999176,0.2328144758939743,0.0014429806033149362,0.0
Movies,44,visual,2,0.13766591250896454,0.11594679951667786,0.22907495498657227,0.13735564053058624,0.11699832230806351,0.22541043162345886,0.13586494326591492,0.1150614470243454,0.2236270308494568,0.562140941619873,0.5520256161689758,0.7764083743095398,1.0160342454910278,1.0200824737548828,1.130680799484253,0.1369621902704239,0.11811220645904541,0.2199689745903015,0.028749531134963036,0.019507896155118942,0.062362976372241974,0.1369621604681015,0.0007861265912652016,0.0
Movies,44,visual,3,0.23657085001468658,0.20922443270683289,0.38627275824546814,0.2356880158185959,0.21038863062858582,0.3837962746620178,0.2322460412979126,0.20605820417404175,0.3767528235912323,0.6013972759246826,0.5845550894737244,0.8062146902084351,1.0514686107635498,1.0399110317230225,1.2829564809799194,0.23483498394489288,0.21447604894638062,0.35808226466178894,0.05328487604856491,0.03944138437509537,0.11133742332458496,0.2348349690437317,0.0018657911568880081,0.0
Grocery,42,text,2,0.26529645919799805,0.2102242410182953,0.49115434288978577,0.2596060335636139,0.20977135002613068,0.4692326486110687,0.2666248381137848,0.21433919668197632,0.48528432846069336,0.678807258605957,0.6607533693313599,0.9514364004135132,1.0070044994354248,1.0257916450500488,1.2227375507354736,0.2638424336910248,0.22118301689624786,0.45345795154571533,0.06734851747751236,0.046117380261421204,0.15020868182182312,0.2638424336910248,0.0030442799907177687,0.0
Grocery,42,text,3,0.3730141818523407,0.30227720737457275,0.6850996613502502,0.3667662441730499,0.2991311550140381,0.6586076617240906,0.3771342635154724,0.30433928966522217,0.6972713470458984,0.8106017708778381,0.7982852458953857,1.1522432565689087,0.8354573845863342,0.8116840124130249,1.1088874340057373,0.37230491638183594,0.32086026668548584,0.6278923749923706,0.10694204270839691,0.06989714503288269,0.25295430421829224,0.37230488657951355,0.004262330010533333,0.0
Grocery,42,visual,2,0.20324334502220154,0.17357619106769562,0.34003621339797974,0.20171812176704407,0.17353948950767517,0.33230799436569214,0.20349463820457458,0.1742243617773056,0.3394237458705902,0.7586901187896729,0.734089195728302,1.111191749572754,0.9468755125999451,0.9458178281784058,1.171724557876587,0.20281870663166046,0.17792028188705444,0.32182496786117554,0.044853731989860535,0.03242840990424156,0.0945751816034317,0.20281872153282166,0.0007849604007788002,0.0
Grocery,42,visual,3,0.43766215443611145,0.3833467364311218,0.7509268522262573,0.42960691452026367,0.3750912845134735,0.7331079244613647,0.43436938524246216,0.3751246929168701,0.7481328845024109,0.7031245827674866,0.6824272274971008,0.9938656091690063,0.9832769632339478,0.9855278730392456,1.292887806892395,0.43387946486473083,0.3974437713623047,0.6752314567565918,0.1111125573515892,0.08250449597835541,0.2375286966562271,0.4338794946670532,0.0033067394979298115,0.0
Grocery,43,text,2,0.2985749840736389,0.2333996593952179,0.5650225877761841,0.29434189200401306,0.22960397601127625,0.5647341012954712,0.2943579852581024,0.2294200360774994,0.5661860108375549,0.6854603886604309,0.6380479335784912,1.1103713512420654,1.0008273124694824,1.0035293102264404,1.2428725957870483,0.29575830698013306,0.2442733496427536,0.5352702736854553,0.08546540886163712,0.05722249299287796,0.1906733363866806,0.29575830698013306,0.0019917127210646868,0.0
Grocery,43,text,3,0.4051603078842163,0.3004158139228821,0.8363882899284363,0.4028729796409607,0.2997515797615051,0.8220468759536743,0.4046383202075958,0.2994980812072754,0.8400890827178955,0.53310626745224,0.503624677658081,0.8041465282440186,1.0580823421478271,1.0464529991149902,1.3116350173950195,0.40422388911247253,0.31775468587875366,0.774786114692688,0.11065392941236496,0.06826110184192657,0.2627617418766022,0.40422385931015015,0.0009786980226635933,0.0
Grocery,43,visual,2,0.2928050458431244,0.25076061487197876,0.5010779500007629,0.2955121397972107,0.2505037188529968,0.5044441223144531,0.29247933626174927,0.2510906457901001,0.5021091103553772,0.8905614018440247,0.8829780220985413,1.188740849494934,1.0374033451080322,1.0409116744995117,1.2396754026412964,0.29359886050224304,0.26145875453948975,0.468436598777771,0.07024958729743958,0.051522061228752136,0.14876008033752441,0.29359883069992065,0.0013594325864687562,0.0
Grocery,43,visual,3,0.3848158121109009,0.33890610933303833,0.6333884000778198,0.3842465579509735,0.3415765166282654,0.6312764883041382,0.3840610980987549,0.3414310812950134,0.6305744647979736,0.6997973322868347,0.6639181971549988,1.014176368713379,1.1074926853179932,1.120603084564209,1.3482686281204224,0.3843745291233063,0.35052669048309326,0.5903302431106567,0.07797173410654068,0.05790312960743904,0.16259001195430756,0.3843744993209839,0.0003211159200873226,0.0
Grocery,44,text,2,0.28877779841423035,0.2453758716583252,0.5045090317726135,0.28427526354789734,0.24179625511169434,0.4925021827220917,0.2882094383239746,0.24628916382789612,0.5018642544746399,0.9472102522850037,0.9561869502067566,1.2824616432189941,1.1000113487243652,1.1107178926467896,1.2987276315689087,0.28708747029304504,0.25555264949798584,0.4650155007839203,0.07062920928001404,0.05182024836540222,0.1486818939447403,0.2870875298976898,0.002002050168812275,0.0
Grocery,44,text,3,0.3729197382926941,0.30541375279426575,0.6827601194381714,0.3648833930492401,0.3017768859863281,0.6510719060897827,0.367862343788147,0.3024856746196747,0.6604589819908142,0.8656201362609863,0.8602198362350464,1.2515034675598145,0.8284769058227539,0.8083423376083374,1.0666987895965576,0.3685551881790161,0.31859272718429565,0.6198325753211975,0.10217750817537308,0.07330230623483658,0.21931231021881104,0.3685551583766937,0.0033171980176120996,0.0
Grocery,44,visual,2,0.2827325761318207,0.2332695722579956,0.506256103515625,0.2848479151725769,0.23717737197875977,0.5095564723014832,0.28419873118400574,0.23648124933242798,0.5089612007141113,0.9337135553359985,0.9451490640640259,1.3003813028335571,0.9238448143005371,0.9146624803543091,1.224159598350525,0.28392642736434937,0.24945512413978577,0.47008150815963745,0.07792190462350845,0.05635400116443634,0.17033615708351135,0.28392642736434937,0.0008847918943502009,0.0
Grocery,44,visual,3,0.39108961820602417,0.33028170466423035,0.6887378096580505,0.3906199038028717,0.33268213272094727,0.6771672964096069,0.3856329619884491,0.3262843191623688,0.6702421307563782,0.8080040812492371,0.7886781692504883,1.136420488357544,0.9370726943016052,0.9241469502449036,1.1595758199691772,0.3891141712665558,0.3457885980606079,0.6284762024879456,0.10553667694330215,0.07315026968717575,0.23693402111530304,0.3891141414642334,0.002469040686264634,0.0
