dataset,seed,modality,state_sample_nodes,G1_effective_rank,G1_top1_energy,G1_top5_energy,G1_channel_variance_active_fraction,G1_channel_variance_mean,G1_channel_variance_p50,G2_effective_rank,G2_top1_energy,G2_top5_energy,G2_channel_variance_active_fraction,G2_channel_variance_mean,G2_channel_variance_p50,G3_effective_rank,G3_top1_energy,G3_top5_energy,G3_channel_variance_active_fraction,G3_channel_variance_mean,G3_channel_variance_p50,G1_to_G2_relative_change_mean,G1_to_G2_relative_change_p50,G1_to_G2_relative_change_p90,G1_to_G2_cosine_mean,G1_to_G2_cosine_p10,G1_to_G2_cosine_p50,G1_to_G2_cosine_p90,G2_to_G3_relative_change_mean,G2_to_G3_relative_change_p50,G2_to_G3_relative_change_p90,G2_to_G3_cosine_mean,G2_to_G3_cosine_p10,G2_to_G3_cosine_p50,G2_to_G3_cosine_p90,cos_G1_G2_mean,cos_G1_G2_p10,cos_G1_G2_p50,cos_G1_G2_p90,cos_G2_G3_mean,cos_G2_G3_p10,cos_G2_G3_p50,cos_G2_G3_p90,cos_G1_G3_mean,cos_G1_G3_p10,cos_G1_G3_p50,cos_G1_G3_p90
Movies,42,text,8192,4.505613803863525,0.6013481020927429,0.8938465118408203,1.0,0.2052011936903,0.1353434920310974,4.938742160797119,0.5891052484512329,0.868362545967102,1.0,0.27324753999710083,0.24136631190776825,3.710904121398926,0.6671513915061951,0.922400712966919,1.0,0.6749841570854187,0.5063066482543945,1.281830072402954,1.3196816444396973,1.5038524866104126,0.1593545377254486,-0.13198423385620117,0.12923550605773926,0.5106706619262695,1.193640112876892,1.2488927841186523,1.570913314819336,0.24246735870838165,-0.22034145891666412,0.22489556670188904,0.7430896759033203,0.15632343292236328,-0.13283054530620575,0.12399785220623016,0.5098004341125488,0.23750539124011993,-0.22173337638378143,0.21165546774864197,0.7432631850242615,0.16786782443523407,-0.10901905596256256,0.16205953061580658,0.4586404263973236
Movies,42,visual,8192,3.9481377601623535,0.6262190341949463,0.9218860864639282,1.0,0.3265489935874939,0.24188083410263062,5.480579376220703,0.5211116075515747,0.8879048228263855,1.0,0.5115058422088623,0.36639899015426636,4.3622307777404785,0.4772338569164276,0.9293817281723022,1.0,0.8144407272338867,0.7500705718994141,1.358954906463623,1.3864059448242188,1.5995968580245972,0.06037536635994911,-0.27681612968444824,0.041825681924819946,0.42564254999160767,1.3579864501953125,1.4720091819763184,1.7840756177902222,0.012297709472477436,-0.5746545791625977,-0.07734037935733795,0.7014131546020508,0.05803856998682022,-0.276770681142807,0.038358174264431,0.42339271306991577,0.009293939918279648,-0.5749977827072144,-0.08609378337860107,0.6931499242782593,0.14023901522159576,-0.20558448135852814,0.1290564239025116,0.5058106780052185
Movies,43,text,8192,6.439703464508057,0.5210132002830505,0.8232702612876892,1.0,0.110806405544281,0.08260328322649002,5.103156566619873,0.5753670334815979,0.8825588226318359,1.0,0.2610071897506714,0.22613497078418732,5.008731842041016,0.5949977040290833,0.8791183233261108,1.0,0.3279206156730652,0.2459527999162674,1.3651202917099,1.3653881549835205,1.4571126699447632,0.06388586759567261,-0.06422784179449081,0.0663372278213501,0.18802094459533691,1.276987910270691,1.279895544052124,1.4000276327133179,0.18267634510993958,0.02388685755431652,0.18363070487976074,0.3398360013961792,0.06241367757320404,-0.06649079918861389,0.06435076892375946,0.1866908073425293,0.18133008480072021,0.02275979146361351,0.1824207305908203,0.3355894982814789,-0.1500835120677948,-0.2825569808483124,-0.17360465228557587,0.013382882811129093
Movies,43,visual,8192,5.139266490936279,0.4854593575000763,0.8937850594520569,1.0,0.30101051926612854,0.29012784361839294,5.408156871795654,0.4378947615623474,0.9004241228103638,1.0,0.5760700702667236,0.47001349925994873,5.311417102813721,0.49078303575515747,0.8978292346000671,1.0,0.7446012496948242,0.5780079960823059,1.4475300312042236,1.4628806114196777,1.58363938331604,-0.055424321442842484,-0.25426438450813293,-0.07036009430885315,0.16741865873336792,1.5567532777786255,1.5866117477416992,1.7300692796707153,-0.2207920253276825,-0.4909917712211609,-0.2545856833457947,0.105955109000206,-0.055228836834430695,-0.2529464364051819,-0.07083675265312195,0.169717475771904,-0.21860620379447937,-0.49091044068336487,-0.2520911693572998,0.10970526188611984,0.016992326825857162,-0.23140020668506622,0.022836999967694283,0.26477932929992676
Movies,44,text,8192,4.69044828414917,0.5854161977767944,0.8881798982620239,1.0,0.15636411309242249,0.11804863810539246,4.038594722747803,0.6627599596977234,0.9003833532333374,1.0,0.45518797636032104,0.28709810972213745,3.7385568618774414,0.6871755719184875,0.9123654961585999,1.0,0.6842641830444336,0.5691604614257812,1.3606921434402466,1.3821568489074707,1.4736987352371216,0.07218005508184433,-0.08274117857217789,0.04846572503447533,0.26912739872932434,1.1686474084854126,1.1627509593963623,1.3504414558410645,0.3098900020122528,0.09021307528018951,0.32724136114120483,0.5045575499534607,0.07108533382415771,-0.08203963190317154,0.047336891293525696,0.268029123544693,0.3087396025657654,0.0937945544719696,0.3263123631477356,0.5006532073020935,0.014395436272025108,-0.17413295805454254,-0.0038257166743278503,0.22943688929080963
Movies,44,visual,8192,6.349978923797607,0.43865787982940674,0.8717878460884094,1.0,0.1533644199371338,0.1237264946103096,5.031679153442383,0.589671790599823,0.8786624073982239,1.0,0.35907021164894104,0.278318852186203,3.921922445297241,0.6333299279212952,0.9084407091140747,1.0,0.7264472246170044,0.6898797154426575,1.2408784627914429,1.2384514808654785,1.3680667877197266,0.22612552344799042,0.06561995297670364,0.23363882303237915,0.379321426153183,1.210069179534912,1.2065749168395996,1.4207813739776611,0.25930482149124146,-0.002307021990418434,0.2756679058074951,0.4943147301673889,0.22538286447525024,0.06414513289928436,0.23355025053024292,0.37863272428512573,0.258667528629303,0.0012511657550930977,0.27496910095214844,0.493833988904953,0.03673427551984787,-0.2538370192050934,0.040307749062776566,0.3230581283569336
Grocery,42,text,8192,5.316798210144043,0.4996415376663208,0.9013946652412415,1.0,0.298965185880661,0.2778305411338806,5.370208263397217,0.5354626178741455,0.8823454976081848,1.0,0.6232821941375732,0.5163043737411499,4.20537805557251,0.6174455285072327,0.9196998476982117,1.0,1.025752067565918,0.7214078307151794,1.2880076169967651,1.2965890169143677,1.451178789138794,0.16398774087429047,-0.04995281994342804,0.16186398267745972,0.3833043873310089,1.0863243341445923,1.0725533962249756,1.439012885093689,0.3842419385910034,-0.025337254628539085,0.4305945634841919,0.7124390602111816,0.16263681650161743,-0.054370731115341187,0.16004155576229095,0.38591456413269043,0.382401704788208,-0.024809161201119423,0.427030473947525,0.7128586173057556,0.1805838644504547,-0.08496811985969543,0.1901496797800064,0.4335130453109741
Grocery,42,visual,8192,6.430262088775635,0.37750422954559326,0.8813313245773315,1.0,0.2743549644947052,0.2413647472858429,5.150130271911621,0.4493679404258728,0.9058800339698792,1.0,0.6079727411270142,0.40404587984085083,5.485203742980957,0.39829006791114807,0.9184026122093201,1.0,1.0423177480697632,0.9232476353645325,1.3209038972854614,1.3614585399627686,1.573731541633606,0.1084732785820961,-0.23381726443767548,0.07723797112703323,0.501735270023346,1.230522632598877,1.299218773841858,1.6281777620315552,0.1927599459886551,-0.31419238448143005,0.16107046604156494,0.7326523661613464,0.1067490428686142,-0.23557224869728088,0.07688440382480621,0.5046206712722778,0.19394400715827942,-0.31378641724586487,0.16340386867523193,0.7347704172134399,0.13008566200733185,-0.23971351981163025,0.11996865272521973,0.5122843980789185
Grocery,43,text,8192,4.38346004486084,0.5315545201301575,0.9237335324287415,1.0,0.3481804132461548,0.2892731726169586,4.358856678009033,0.5866014957427979,0.9135116338729858,1.0,0.7510229349136353,0.6517853736877441,4.122450351715088,0.6164571046829224,0.9162507057189941,1.0,0.8984118700027466,0.659101128578186,1.2961359024047852,1.299999475479126,1.5818586349487305,0.13932377099990845,-0.248994842171669,0.1569049060344696,0.49058496952056885,1.1260055303573608,1.1281623840332031,1.5942426919937134,0.3120597004890442,-0.2608020305633545,0.3666236102581024,0.7795999646186829,0.140619158744812,-0.2518177628517151,0.15739257633686066,0.4945310652256012,0.31251242756843567,-0.25785717368125916,0.36773648858070374,0.7793601155281067,0.22487959265708923,-0.11763537675142288,0.2667025327682495,0.5019023418426514
Grocery,43,visual,8192,5.196217060089111,0.4621473252773285,0.8965374827384949,1.0,0.361325204372406,0.2906518578529358,6.795991897583008,0.3357844948768616,0.8627771139144897,1.0,0.7793043851852417,0.7045478224754333,6.40383243560791,0.38839539885520935,0.8722302913665771,1.0,0.9863476753234863,0.868439257144928,1.4330030679702759,1.4333956241607666,1.6189359426498413,-0.03318188712000847,-0.3026260733604431,-0.024373188614845276,0.21870778501033783,1.4098018407821655,1.4332042932510376,1.6536993980407715,-0.00957779586315155,-0.3624935746192932,-0.020913541316986084,0.3637154698371887,-0.034152060747146606,-0.3025222718715668,-0.027294591069221497,0.21931418776512146,-0.011341365054249763,-0.3609095513820648,-0.024970360100269318,0.3622211813926697,-0.06965985894203186,-0.33474937081336975,-0.0883445143699646,0.23263666033744812
Grocery,44,text,8192,4.291266441345215,0.6023485064506531,0.9045419096946716,1.0,0.3643638491630554,0.2397664189338684,5.948787689208984,0.4549005925655365,0.8856944441795349,1.0,0.7074522972106934,0.5482856035232544,4.318028926849365,0.49472206830978394,0.9343613982200623,1.0,1.026015043258667,0.8050298690795898,1.5175879001617432,1.5351033210754395,1.6761099100112915,-0.14987897872924805,-0.39431262016296387,-0.16612568497657776,0.1234888881444931,1.5672602653503418,1.5845210552215576,1.8133097887039185,-0.24127449095249176,-0.6333032250404358,-0.2500606179237366,0.1524081528186798,-0.14881280064582825,-0.3952074646949768,-0.1640097200870514,0.12726132571697235,-0.2411811798810959,-0.6342110633850098,-0.2514457404613495,0.16230382025241852,0.06599403917789459,-0.23459239304065704,0.0663713812828064,0.3671073615550995
Grocery,44,visual,8192,5.491718769073486,0.5508064031600952,0.8509554266929626,1.0,0.3496880829334259,0.26856207847595215,4.347011566162109,0.6159918308258057,0.9056768417358398,1.0,0.7479344606399536,0.6765739321708679,4.353806972503662,0.5645931363105774,0.9353104829788208,1.0,1.0798548460006714,1.0170410871505737,1.491233468055725,1.4892923831939697,1.6570699214935303,-0.12301602214574814,-0.3737931549549103,-0.11452826857566833,0.11023955792188644,1.549252986907959,1.5579135417938232,1.8100297451019287,-0.20695586502552032,-0.6186302900314331,-0.19914671778678894,0.19181102514266968,-0.1232471689581871,-0.3758227527141571,-0.11541995406150818,0.11230262368917465,-0.20521332323551178,-0.6206106543540955,-0.19581928849220276,0.19751033186912537,-0.05122721940279007,-0.3813309073448181,-0.048925429582595825,0.26138052344322205
