dataset,seed,variant,modality,G3_relative_difference_mean,G3_relative_difference_p50,G3_relative_difference_p90,provenance_residual_relative_difference_mean,provenance_residual_relative_difference_p50,provenance_residual_relative_difference_p90,val_acc,val_macro_f1,delta_val_acc_vs_full,delta_val_macro_f1_vs_full
Movies,42,source_history_off,text,0.801295280456543,0.7892568111419678,1.0990815162658691,0.648959755897522,0.5569057464599609,1.0856256484985352,0.5158967971801758,0.4054854151879141,-0.014397144317626953,-0.008641729722304203
Movies,42,source_history_off,visual,1.0207746028900146,1.0563817024230957,1.3846509456634521,0.648959755897522,0.5569057464599609,1.0856256484985352,0.5158967971801758,0.4054854151879141,-0.014397144317626953,-0.008641729722304203
Movies,42,target_memory_off,text,1.1794377565383911,1.1820838451385498,1.397261619567871,0.8484939932823181,0.8293699622154236,1.1590150594711304,0.5113977193832397,0.4086540605673422,-0.01889622211456299,-0.005473084342876078
Movies,42,target_memory_off,visual,1.2164573669433594,1.2177050113677979,1.5179576873779297,0.8484939932823181,0.8293699622154236,1.1590150594711304,0.5113977193832397,0.4086540605673422,-0.01889622211456299,-0.005473084342876078
Movies,42,both_history_off_legacy,text,1.2692291736602783,1.2876713275909424,1.4549272060394287,0.9209390878677368,0.9297183752059937,1.2342290878295898,0.49640071392059326,0.39780793154563665,-0.03389322757720947,-0.01631921336458164
Movies,42,both_history_off_legacy,visual,1.2973841428756714,1.3198065757751465,1.5752465724945068,0.9209390878677368,0.9297183752059937,1.2342290878295898,0.49640071392059326,0.39780793154563665,-0.03389322757720947,-0.01631921336458164
Movies,42,correct_source_history_shuffle_3407,text,0.2036946713924408,0.17990994453430176,0.33067524433135986,0.15530866384506226,0.10726092755794525,0.31748709082603455,0.5260947942733765,0.4077882020159237,-0.0041991472244262695,-0.006338942894294597
Movies,42,correct_source_history_shuffle_3407,visual,0.3208547830581665,0.28122395277023315,0.5247252583503723,0.15530866384506226,0.10726092755794525,0.31748709082603455,0.5260947942733765,0.4077882020159237,-0.0041991472244262695,-0.006338942894294597
Movies,42,correct_source_history_shuffle_3408,text,0.20381401479244232,0.18045926094055176,0.3329991102218628,0.1572680026292801,0.10872907936573029,0.32353463768959045,0.5287942290306091,0.4076415079215102,-0.0014997124671936035,-0.006485636988708077
Movies,42,correct_source_history_shuffle_3408,visual,0.3230215609073639,0.28333908319473267,0.5275291204452515,0.1572680026292801,0.10872907936573029,0.32353463768959045,0.5287942290306091,0.4076415079215102,-0.0014997124671936035,-0.006485636988708077
Movies,42,correct_source_history_shuffle_3409,text,0.20147854089736938,0.1774737536907196,0.3257116973400116,0.15582811832427979,0.10760743916034698,0.3194982707500458,0.5272945165634155,0.40398263817015223,-0.002999424934387207,-0.010144506740066062
Movies,42,correct_source_history_shuffle_3409,visual,0.32029733061790466,0.2803818881511688,0.5300689339637756,0.15582811832427979,0.10760743916034698,0.3194982707500458,0.5272945165634155,0.40398263817015223,-0.002999424934387207,-0.010144506740066062
Movies,43,source_history_off,text,0.6088849306106567,0.5932759642601013,0.7971979975700378,0.6649482250213623,0.6312514543533325,1.1071468591690063,0.5140971541404724,0.29551397578424426,-0.014397144317626953,-0.03205952547569124
Movies,43,source_history_off,visual,1.0842080116271973,1.0657615661621094,1.3843870162963867,0.6649482250213623,0.6312514543533325,1.1071468591690063,0.5140971541404724,0.29551397578424426,-0.014397144317626953,-0.03205952547569124
Movies,43,target_memory_off,text,1.464237928390503,1.4838091135025024,1.5607273578643799,1.026969313621521,1.019761562347412,1.2541639804840088,0.5089982151985168,0.3373346934689162,-0.01949608325958252,0.009761192208980696
Movies,43,target_memory_off,visual,1.3066370487213135,1.3099796772003174,1.4726793766021729,1.026969313621521,1.019761562347412,1.2541639804840088,0.5089982151985168,0.3373346934689162,-0.01949608325958252,0.009761192208980696
Movies,43,both_history_off_legacy,text,1.5112396478652954,1.5307903289794922,1.5966582298278809,1.1360622644424438,1.132454752922058,1.3291758298873901,0.5047990679740906,0.34255445716205524,-0.02369523048400879,0.01498095590211973
Movies,43,both_history_off_legacy,visual,1.441145658493042,1.4455382823944092,1.5883287191390991,1.1360622644424438,1.132454752922058,1.3291758298873901,0.5047990679740906,0.34255445716205524,-0.02369523048400879,0.01498095590211973
Movies,43,correct_source_history_shuffle_3407,text,0.16858679056167603,0.15700489282608032,0.25368860363960266,0.1374942511320114,0.10011100769042969,0.2752763628959656,0.5251949429512024,0.31772854881175777,-0.0032993555068969727,-0.009844952448177735
Movies,43,correct_source_history_shuffle_3407,visual,0.35586756467819214,0.3113606572151184,0.6041138768196106,0.1374942511320114,0.10011100769042969,0.2752763628959656,0.5251949429512024,0.31772854881175777,-0.0032993555068969727,-0.009844952448177735
Movies,43,correct_source_history_shuffle_3408,text,0.1682126373052597,0.1563694179058075,0.25343653559684753,0.13941477239131927,0.10071724653244019,0.2798351049423218,0.5248950123786926,0.31808156781464086,-0.0035992860794067383,-0.009491933445294642
Movies,43,correct_source_history_shuffle_3408,visual,0.35980042815208435,0.3181273341178894,0.6035181283950806,0.13941477239131927,0.10071724653244019,0.2798351049423218,0.5248950123786926,0.31808156781464086,-0.0035992860794067383,-0.009491933445294642
Movies,43,correct_source_history_shuffle_3409,text,0.1678473800420761,0.15595926344394684,0.25114694237709045,0.13937583565711975,0.10086708515882492,0.28010666370391846,0.5236952900886536,0.3158017015094547,-0.004799008369445801,-0.011771799750480816
Movies,43,correct_source_history_shuffle_3409,visual,0.3575541377067566,0.31381112337112427,0.6032195091247559,0.13937583565711975,0.10086708515882492,0.28010666370391846,0.5236952900886536,0.3158017015094547,-0.004799008369445801,-0.011771799750480816
Movies,44,source_history_off,text,0.7896631360054016,0.7767225503921509,1.0435017347335815,0.4667738974094391,0.3607277274131775,0.881962776184082,0.5191961526870728,0.3547926914598733,-0.011997580528259277,-0.03030427083300885
Movies,44,source_history_off,visual,0.8107245564460754,0.7906909584999084,1.0743387937545776,0.4667738974094391,0.3607277274131775,0.881962776184082,0.5191961526870728,0.3547926914598733,-0.011997580528259277,-0.03030427083300885
Movies,44,target_memory_off,text,1.2751009464263916,1.2807705402374268,1.3777880668640137,0.827164351940155,0.8019948601722717,1.0139360427856445,0.5194960832595825,0.37197586690258305,-0.011697649955749512,-0.013121095390299098
Movies,44,target_memory_off,visual,1.2231533527374268,1.2136836051940918,1.4151099920272827,0.827164351940155,0.8019948601722717,1.0139360427856445,0.5194960832595825,0.37197586690258305,-0.011697649955749512,-0.013121095390299098
Movies,44,both_history_off_legacy,text,1.3844002485275269,1.3984673023223877,1.4946722984313965,0.9766685962677002,0.9495687484741211,1.179738998413086,0.5149970054626465,0.3486170809764558,-0.016196727752685547,-0.03647988131642638
Movies,44,both_history_off_legacy,visual,1.3468855619430542,1.3450440168380737,1.5410518646240234,0.9766685962677002,0.9495687484741211,1.179738998413086,0.5149970054626465,0.3486170809764558,-0.016196727752685547,-0.03647988131642638
Movies,44,correct_source_history_shuffle_3407,text,0.2667222023010254,0.2365892380475998,0.42493143677711487,0.16422270238399506,0.07833541929721832,0.4027477502822876,0.5275945067405701,0.3793521964630909,-0.003599226474761963,-0.005744765829791276
Movies,44,correct_source_history_shuffle_3407,visual,0.25969356298446655,0.22744101285934448,0.4271087050437927,0.16422270238399506,0.07833541929721832,0.4027477502822876,0.5275945067405701,0.3793521964630909,-0.003599226474761963,-0.005744765829791276
Movies,44,correct_source_history_shuffle_3408,text,0.27017083764076233,0.2383890151977539,0.43315839767456055,0.16710883378982544,0.07802574336528778,0.4143429100513458,0.5287942290306091,0.3808372052429295,-0.0023995041847229004,-0.004259757049952628
Movies,44,correct_source_history_shuffle_3408,visual,0.25918954610824585,0.22792160511016846,0.42302122712135315,0.16710883378982544,0.07802574336528778,0.4143429100513458,0.5287942290306091,0.3808372052429295,-0.0023995041847229004,-0.004259757049952628
Movies,44,correct_source_history_shuffle_3409,text,0.2661578357219696,0.2355022132396698,0.4232901930809021,0.16222865879535675,0.07667499780654907,0.3957745432853699,0.5254948735237122,0.375718022990778,-0.005698859691619873,-0.00937893930210415
Movies,44,correct_source_history_shuffle_3409,visual,0.2554764151573181,0.2230033576488495,0.41702520847320557,0.16222865879535675,0.07667499780654907,0.3957745432853699,0.5254948735237122,0.375718022990778,-0.005698859691619873,-0.00937893930210415
Grocery,42,source_history_off,text,1.0616317987442017,1.0795187950134277,1.4225947856903076,0.731016218662262,0.7032519578933716,1.0603971481323242,0.803806722164154,0.7217470967039842,-0.00468522310256958,-0.0037095272203219176
Grocery,42,source_history_off,visual,1.0120807886123657,0.997529149055481,1.333708643913269,0.731016218662262,0.7032519578933716,1.0603971481323242,0.803806722164154,0.7217470967039842,-0.00468522310256958,-0.0037095272203219176
Grocery,42,target_memory_off,text,1.0088541507720947,0.9940091371536255,1.294353723526001,0.753882110118866,0.7402327060699463,1.0978204011917114,0.7982430458068848,0.7128125319496437,-0.010248899459838867,-0.01264409197466243
Grocery,42,target_memory_off,visual,1.2005157470703125,1.2367295026779175,1.509807825088501,0.753882110118866,0.7402327060699463,1.0978204011917114,0.7982430458068848,0.7128125319496437,-0.010248899459838867,-0.01264409197466243
Grocery,42,both_history_off_legacy,text,1.2821706533432007,1.2927918434143066,1.4767765998840332,0.9208873510360718,0.9168552756309509,1.228627324104309,0.8005856275558472,0.722231148873673,-0.007906317710876465,-0.0032254750506330865
Grocery,42,both_history_off_legacy,visual,1.273568868637085,1.2836098670959473,1.5533329248428345,0.9208873510360718,0.9168552756309509,1.228627324104309,0.8005856275558472,0.722231148873673,-0.007906317710876465,-0.0032254750506330865
Grocery,42,correct_source_history_shuffle_3407,text,0.4311687648296356,0.3536112308502197,0.792304277420044,0.34292247891426086,0.2563907504081726,0.6943620443344116,0.8032211065292358,0.7190150217066427,-0.005270838737487793,-0.0064416022176634335
Grocery,42,correct_source_history_shuffle_3407,visual,0.46123239398002625,0.40689602494239807,0.7739691734313965,0.34292247891426086,0.2563907504081726,0.6943620443344116,0.8032211065292358,0.7190150217066427,-0.005270838737487793,-0.0064416022176634335
Grocery,42,correct_source_history_shuffle_3408,text,0.42175009846687317,0.3448846936225891,0.7657578587532043,0.3333028554916382,0.25269371271133423,0.6750777959823608,0.8026354312896729,0.7187716059567248,-0.005856513977050781,-0.006685017967581253
Grocery,42,correct_source_history_shuffle_3408,visual,0.45209869742393494,0.39957717061042786,0.7544687986373901,0.3333028554916382,0.25269371271133423,0.6750777959823608,0.8026354312896729,0.7187716059567248,-0.005856513977050781,-0.006685017967581253
Grocery,42,correct_source_history_shuffle_3409,text,0.4340370297431946,0.3527423143386841,0.7999993562698364,0.34565576910972595,0.25500762462615967,0.7085084915161133,0.8008784651756287,0.7178233786560885,-0.007613480091094971,-0.0076332452682176255
Grocery,42,correct_source_history_shuffle_3409,visual,0.45904985070228577,0.40083834528923035,0.7807091474533081,0.34565576910972595,0.25500762462615967,0.7085084915161133,0.8008784651756287,0.7178233786560885,-0.007613480091094971,-0.0076332452682176255
Grocery,43,source_history_off,text,0.8091402053833008,0.752875030040741,1.3007495403289795,0.713768482208252,0.6479136943817139,1.1798449754714966,0.8002928495407104,0.6811271293801249,-0.010541677474975586,-0.016238264614970466
Grocery,43,source_history_off,visual,1.1476144790649414,1.158137321472168,1.4682921171188354,0.713768482208252,0.6479136943817139,1.1798449754714966,0.8002928495407104,0.6811271293801249,-0.010541677474975586,-0.016238264614970466
Grocery,43,target_memory_off,text,1.172742247581482,1.170544147491455,1.4481970071792603,0.8299741744995117,0.82893306016922,1.0741935968399048,0.803806722164154,0.6875452393787488,-0.007027804851531982,-0.009820154616346555
Grocery,43,target_memory_off,visual,1.2672178745269775,1.2760531902313232,1.4959536790847778,0.8299741744995117,0.82893306016922,1.0741935968399048,0.803806722164154,0.6875452393787488,-0.007027804851531982,-0.009820154616346555
Grocery,43,both_history_off_legacy,text,1.226741909980774,1.2133657932281494,1.478090524673462,0.9760770201683044,0.9349453449249268,1.2997992038726807,0.7959004640579224,0.6756429731115638,-0.014934062957763672,-0.02172242088353149
Grocery,43,both_history_off_legacy,visual,1.4340424537658691,1.4569263458251953,1.6238913536071777,0.9760770201683044,0.9349453449249268,1.2997992038726807,0.7959004640579224,0.6756429731115638,-0.014934062957763672,-0.02172242088353149
Grocery,43,correct_source_history_shuffle_3407,text,0.48203954100608826,0.34780359268188477,1.0351743698120117,0.35013601183891296,0.23752924799919128,0.7708034515380859,0.8020497560501099,0.6870667873130301,-0.008784770965576172,-0.010298606682065281
Grocery,43,correct_source_history_shuffle_3407,visual,0.47295624017715454,0.4245280921459198,0.7707374095916748,0.35013601183891296,0.23752924799919128,0.7708034515380859,0.8020497560501099,0.6870667873130301,-0.008784770965576172,-0.010298606682065281
Grocery,43,correct_source_history_shuffle_3408,text,0.4823136627674103,0.35039979219436646,1.0391112565994263,0.3518800437450409,0.24016429483890533,0.771660327911377,0.8023425936698914,0.6854074576593973,-0.008491933345794678,-0.011957936335698083
Grocery,43,correct_source_history_shuffle_3408,visual,0.4758754074573517,0.4274154305458069,0.7785582542419434,0.3518800437450409,0.24016429483890533,0.771660327911377,0.8023425936698914,0.6854074576593973,-0.008491933345794678,-0.011957936335698083
Grocery,43,correct_source_history_shuffle_3409,text,0.4825170040130615,0.3448493778705597,1.0573018789291382,0.3509030342102051,0.23615336418151855,0.7731826305389404,0.8046852350234985,0.6898178114158195,-0.0061492919921875,-0.007547582579275791
Grocery,43,correct_source_history_shuffle_3409,visual,0.47329121828079224,0.42545467615127563,0.7723692655563354,0.3509030342102051,0.23615336418151855,0.7731826305389404,0.8046852350234985,0.6898178114158195,-0.0061492919921875,-0.007547582579275791
Grocery,44,source_history_off,text,1.3065544366836548,1.3006740808486938,1.6192331314086914,0.973169207572937,0.9778187274932861,1.2877113819122314,0.8058565258979797,0.7060991578356637,-0.013469994068145752,-0.00559323872505979
Grocery,44,source_history_off,visual,1.2867742776870728,1.3040298223495483,1.5762473344802856,0.973169207572937,0.9778187274932861,1.2877113819122314,0.8058565258979797,0.7060991578356637,-0.013469994068145752,-0.00559323872505979
Grocery,44,target_memory_off,text,1.257012128829956,1.2579679489135742,1.4807597398757935,0.9019476175308228,0.8892881870269775,1.1411497592926025,0.8076134920120239,0.7059115029239553,-0.011713027954101562,-0.005780893636768147
Grocery,44,target_memory_off,visual,1.219033122062683,1.2232989072799683,1.4732275009155273,0.9019476175308228,0.8892881870269775,1.1411497592926025,0.8076134920120239,0.7059115029239553,-0.011713027954101562,-0.005780893636768147
Grocery,44,both_history_off_legacy,text,1.3403711318969727,1.346173644065857,1.5583442449569702,1.0272283554077148,1.0475690364837646,1.2193233966827393,0.8061493635177612,0.6969224965682019,-0.013177156448364258,-0.01476989999252154
Grocery,44,both_history_off_legacy,visual,1.417303204536438,1.423721194267273,1.6314970254898071,1.0272283554077148,1.0475690364837646,1.2193233966827393,0.8061493635177612,0.6969224965682019,-0.013177156448364258,-0.01476989999252154
Grocery,44,correct_source_history_shuffle_3407,text,0.4188856780529022,0.3445066213607788,0.7548729181289673,0.3118917644023895,0.2273896336555481,0.638563871383667,0.8166910409927368,0.7104335409583283,-0.002635478973388672,-0.001258855602395137
Grocery,44,correct_source_history_shuffle_3407,visual,0.46223101019859314,0.38135647773742676,0.8390592336654663,0.3118917644023895,0.2273896336555481,0.638563871383667,0.8166910409927368,0.7104335409583283,-0.002635478973388672,-0.001258855602395137
Grocery,44,correct_source_history_shuffle_3408,text,0.4116486608982086,0.34258148074150085,0.732765257358551,0.30533450841903687,0.22415269911289215,0.6212407350540161,0.8158125877380371,0.7111428314371555,-0.003513932228088379,-0.0005495651235679633
Grocery,44,correct_source_history_shuffle_3408,visual,0.46200433373451233,0.3840579390525818,0.8331276774406433,0.30533450841903687,0.22415269911289215,0.6212407350540161,0.8158125877380371,0.7111428314371555,-0.003513932228088379,-0.0005495651235679633
Grocery,44,correct_source_history_shuffle_3409,text,0.4130520224571228,0.3399140238761902,0.7363714575767517,0.3042924106121063,0.22091665863990784,0.6223306655883789,0.811420202255249,0.7042946065244887,-0.007906317710876465,-0.007397790036234753
Grocery,44,correct_source_history_shuffle_3409,visual,0.4597015678882599,0.3793328106403351,0.8372430205345154,0.3042924106121063,0.22091665863990784,0.6223306655883789,0.811420202255249,0.7042946065244887,-0.007906317710876465,-0.007397790036234753
