dataset,seed,modality,order,effective_rank,top1_energy,top5_energy,channel_variance_active_fraction,norm_mean,norm_p50,norm_p90,per_channel_variance
Movies,42,text,1,19.95526123046875,0.1931009590625763,0.5025750994682312,1.0,3.5846385955810547,3.592165946960449,3.744262933731079,"[0.25046247243881226, 0.3253098428249359, 0.3705325424671173, 0.29509270191192627, 0.3405345678329468, 0.3454958200454712, 0.22723375260829926, 0.3183278739452362, 0.3151809573173523, 0.16780325770378113, 0.287459135055542, 0.37478211522102356, 0.2607816755771637, 0.3563268780708313, 0.3930532932281494, 0.29890313744544983, 0.31240496039390564, 0.3853384256362915, 0.2869718670845032, 0.2885814607143402, 0.24901442229747772, 0.34111860394477844, 0.28874778747558594, 0.3383328318595886, 0.31061306595802307, 0.18951068818569183, 0.34181955456733704, 0.37292513251304626, 0.2539955973625183, 0.32799696922302246, 0.2940720021724701, 0.28195658326148987]"
Movies,42,text,2,16.14128303527832,0.2644076645374298,0.5853368639945984,1.0,3.5819950103759766,3.588782548904419,3.7377731800079346,"[0.2144688367843628, 0.3000710904598236, 0.36085188388824463, 0.20834478735923767, 0.2792786657810211, 0.38916081190109253, 0.21537955105304718, 0.26235124468803406, 0.3769514262676239, 0.19968733191490173, 0.2280580699443817, 0.41326576471328735, 0.24813733994960785, 0.2519834339618683, 0.31013479828834534, 0.2836662828922272, 0.28818368911743164, 0.3429024815559387, 0.2617495357990265, 0.22191759943962097, 0.21260222792625427, 0.28167301416397095, 0.18454720079898834, 0.3107556104660034, 0.2437843531370163, 0.16352784633636475, 0.22267448902130127, 0.3352981507778168, 0.14172548055648804, 0.20648983120918274, 0.2355421483516693, 0.2778434455394745]"
Movies,42,text,3,14.653434753417969,0.2812509536743164,0.6270403265953064,1.0,3.5775561332702637,3.582520008087158,3.7337236404418945,"[0.1951841562986374, 0.2923262119293213, 0.36207959055900574, 0.17173725366592407, 0.26453283429145813, 0.37307873368263245, 0.18711701035499573, 0.24825939536094666, 0.3714577257633209, 0.19586209952831268, 0.2094603031873703, 0.4263335168361664, 0.22752656042575836, 0.23325112462043762, 0.29099470376968384, 0.26211342215538025, 0.28314900398254395, 0.325579434633255, 0.25112733244895935, 0.20023973286151886, 0.2051493525505066, 0.25088921189308167, 0.1557370275259018, 0.2932538688182831, 0.22188232839107513, 0.16449278593063354, 0.1940462440252304, 0.32661086320877075, 0.12507250905036926, 0.16239166259765625, 0.22468610107898712, 0.2816722095012665]"
Movies,42,visual,1,18.94110107421875,0.2335948944091797,0.5051855444908142,1.0,3.595775842666626,3.604217052459717,3.753937005996704,"[0.25350064039230347, 0.25959667563438416, 0.2625609338283539, 0.3375944495201111, 0.18210485577583313, 0.4547363519668579, 0.21102917194366455, 0.37039074301719666, 0.24258293211460114, 0.3120407164096832, 0.31334206461906433, 0.30278968811035156, 0.18634405732154846, 0.24063099920749664, 0.34499430656433105, 0.2329336702823639, 0.10526151210069656, 0.2940693497657776, 0.3165034353733063, 0.47408556938171387, 0.3503113389015198, 0.262084037065506, 0.2622194290161133, 0.37009263038635254, 0.3078902065753937, 0.28455907106399536, 0.207387313246727, 0.30951255559921265, 0.34499114751815796, 0.32820039987564087, 0.2752726674079895, 0.07039658725261688]"
Movies,42,visual,2,18.450769424438477,0.20718266069889069,0.5358954071998596,1.0,3.588150978088379,3.594679594039917,3.7514188289642334,"[0.2552913725376129, 0.2617376744747162, 0.23501090705394745, 0.3591555953025818, 0.21433956921100616, 0.475680410861969, 0.3185198903083801, 0.40100646018981934, 0.3040470480918884, 0.2736988961696625, 0.33359307050704956, 0.34820058941841125, 0.23417319357395172, 0.2691798508167267, 0.3909251093864441, 0.30434560775756836, 0.20072460174560547, 0.3495789170265198, 0.38207659125328064, 0.4636007249355316, 0.3396361172199249, 0.2652229368686676, 0.22344277799129486, 0.39343932271003723, 0.39537858963012695, 0.29160937666893005, 0.1748451441526413, 0.3500068783760071, 0.384514182806015, 0.33571574091911316, 0.3039575219154358, 0.16637299954891205]"
Movies,42,visual,3,17.47093963623047,0.20215658843517303,0.5665462017059326,1.0,3.598846912384033,3.6052894592285156,3.760606288909912,"[0.2535821795463562, 0.2503812313079834, 0.215387761592865, 0.3386722803115845, 0.17913542687892914, 0.4634348154067993, 0.2884167432785034, 0.3789433538913727, 0.31167373061180115, 0.2427138388156891, 0.35664239525794983, 0.3276018798351288, 0.20545543730258942, 0.2802046835422516, 0.36805057525634766, 0.30368292331695557, 0.1708873063325882, 0.3477833569049835, 0.38235706090927124, 0.45877406001091003, 0.31863337755203247, 0.28389251232147217, 0.21852345764636993, 0.3669499456882477, 0.43260881304740906, 0.29633694887161255, 0.1605721265077591, 0.35707443952560425, 0.39456555247306824, 0.3227464556694031, 0.3051762580871582, 0.158161461353302]"
Movies,43,text,1,19.301570892333984,0.15938037633895874,0.5234273672103882,1.0,3.589960813522339,3.5985162258148193,3.74814772605896,"[0.23482908308506012, 0.10462521016597748, 0.0933455303311348, 0.23637162148952484, 0.1256571263074875, 0.31695792078971863, 0.29485222697257996, 0.23351101577281952, 0.31400778889656067, 0.2095032036304474, 0.3353916108608246, 0.22966183722019196, 0.2967967092990875, 0.23817795515060425, 0.1708231270313263, 0.2574913501739502, 0.2600690722465515, 0.17185354232788086, 0.29975226521492004, 0.28035396337509155, 0.22254985570907593, 0.20741385221481323, 0.10351207107305527, 0.26560547947883606, 0.10139268636703491, 0.3266422152519226, 0.2461981326341629, 0.11133603751659393, 0.21765419840812683, 0.23963674902915955, 0.1959685981273651, 0.2979608476161957]"
Movies,43,text,2,17.5888671875,0.1938883364200592,0.5704318284988403,1.0,3.534390926361084,3.545719861984253,3.7299275398254395,"[0.25782543420791626, 0.12366299331188202, 0.15066422522068024, 0.2480880618095398, 0.08880376815795898, 0.2592047452926636, 0.3599201440811157, 0.2876553237438202, 0.30741405487060547, 0.26540419459342957, 0.316556841135025, 0.31286510825157166, 0.29445144534111023, 0.24309614300727844, 0.22359485924243927, 0.222806915640831, 0.27221250534057617, 0.26685014367103577, 0.2933904528617859, 0.31257739663124084, 0.22097483277320862, 0.20276479423046112, 0.06675902754068375, 0.24804463982582092, 0.136741504073143, 0.36058101058006287, 0.30711519718170166, 0.10300575196743011, 0.22900508344173431, 0.24524106085300446, 0.21886774897575378, 0.2317284792661667]"
Movies,43,text,3,16.06104850769043,0.2254376858472824,0.6007344722747803,1.0,3.5201759338378906,3.5334115028381348,3.7116875648498535,"[0.2899462878704071, 0.12337279319763184, 0.15103110671043396, 0.24471981823444366, 0.06799034029245377, 0.22141960263252258, 0.37012767791748047, 0.3234602212905884, 0.2819415330886841, 0.2553758919239044, 0.27668866515159607, 0.27246421575546265, 0.26363736391067505, 0.22787150740623474, 0.22290752828121185, 0.1979426145553589, 0.2532387971878052, 0.30668333172798157, 0.2678835391998291, 0.27641668915748596, 0.200505331158638, 0.20308952033519745, 0.06447644531726837, 0.2481289952993393, 0.1503313034772873, 0.3174721300601959, 0.3136625289916992, 0.1263471096754074, 0.2356506735086441, 0.24815091490745544, 0.2091859132051468, 0.2146175056695938]"
Movies,43,visual,1,19.103363037109375,0.20894350111484528,0.5205240249633789,1.0,3.578049659729004,3.5852460861206055,3.739300012588501,"[0.2017536610364914, 0.2401961237192154, 0.3763333857059479, 0.30951693654060364, 0.27622881531715393, 0.3354054391384125, 0.3435458838939667, 0.3328824043273926, 0.2232307344675064, 0.3462408185005188, 0.3896448016166687, 0.32526469230651855, 0.20480956137180328, 0.3263716697692871, 0.22234177589416504, 0.27495554089546204, 0.26646533608436584, 0.3638877272605896, 0.23368260264396667, 0.36905553936958313, 0.35939091444015503, 0.2928101420402527, 0.28262731432914734, 0.2960284948348999, 0.39890602231025696, 0.3131929337978363, 0.2582916021347046, 0.1874793916940689, 0.27376994490623474, 0.2577623426914215, 0.25824517011642456, 0.25297263264656067]"
Movies,43,visual,2,18.059404373168945,0.21547767519950867,0.5413236021995544,1.0,3.579880952835083,3.583299160003662,3.7394447326660156,"[0.26275327801704407, 0.21702653169631958, 0.44025638699531555, 0.22564862668514252, 0.2775004506111145, 0.3244340717792511, 0.2586389183998108, 0.31707343459129333, 0.22624367475509644, 0.3502720594406128, 0.2871047854423523, 0.38328710198402405, 0.19118447601795197, 0.2971465587615967, 0.2681005895137787, 0.24665816128253937, 0.26423224806785583, 0.4059280753135681, 0.1921837031841278, 0.3282018005847931, 0.25407955050468445, 0.23312795162200928, 0.3472493588924408, 0.26801934838294983, 0.3985612988471985, 0.31588929891586304, 0.2547052502632141, 0.1653292030096054, 0.2465217262506485, 0.24568213522434235, 0.2544383704662323, 0.24157510697841644]"
Movies,43,visual,3,17.111539840698242,0.22298361361026764,0.5644315481185913,1.0,3.576216220855713,3.5748019218444824,3.7341320514678955,"[0.2843807637691498, 0.22162467241287231, 0.44913727045059204, 0.2034079134464264, 0.25689148902893066, 0.32626447081565857, 0.22961664199829102, 0.31223994493484497, 0.2141842246055603, 0.3520489037036896, 0.262946218252182, 0.4064379930496216, 0.17886555194854736, 0.28780028223991394, 0.27287229895591736, 0.22588254511356354, 0.26491954922676086, 0.409883975982666, 0.2025296688079834, 0.32410407066345215, 0.19448290765285492, 0.202113077044487, 0.3434414565563202, 0.25704362988471985, 0.37635064125061035, 0.33128052949905396, 0.2338167428970337, 0.15210813283920288, 0.2307465672492981, 0.19777928292751312, 0.22359701991081238, 0.20234332978725433]"
Movies,44,text,1,16.807031631469727,0.24842652678489685,0.5691052079200745,1.0,3.576700210571289,3.580047130584717,3.739053964614868,"[0.20933161675930023, 0.18708233535289764, 0.23550784587860107, 0.30566179752349854, 0.22905826568603516, 0.3331811726093292, 0.16256070137023926, 0.31600916385650635, 0.30306074023246765, 0.3093516528606415, 0.3285323679447174, 0.28414592146873474, 0.331338495016098, 0.3215094208717346, 0.24985814094543457, 0.2079450637102127, 0.25394248962402344, 0.3040734529495239, 0.26086539030075073, 0.29240933060646057, 0.3238857388496399, 0.03569912165403366, 0.24409708380699158, 0.5025173425674438, 0.2150055319070816, 0.15418151021003723, 0.23981313407421112, 0.37546083331108093, 0.18963360786437988, 0.20628374814987183, 0.28540369868278503, 0.26243603229522705]"
Movies,44,text,2,15.290817260742188,0.278883159160614,0.5969119071960449,1.0,3.6017494201660156,3.607389450073242,3.758822202682495,"[0.1152404248714447, 0.13349904119968414, 0.188828706741333, 0.22497326135635376, 0.12259098887443542, 0.33637478947639465, 0.15846695005893707, 0.28195464611053467, 0.35456010699272156, 0.29891106486320496, 0.30924034118652344, 0.2757033109664917, 0.2515833377838135, 0.1505661904811859, 0.31638801097869873, 0.1316809505224228, 0.24007049202919006, 0.2977863550186157, 0.2444295883178711, 0.2863609492778778, 0.3058650493621826, 0.09622857719659805, 0.28362786769866943, 0.5559893846511841, 0.24465875327587128, 0.1124005988240242, 0.27352461218833923, 0.3906124234199524, 0.1549101322889328, 0.2824150025844574, 0.2530244290828705, 0.22332485020160675]"
Movies,44,text,3,14.175261497497559,0.29571691155433655,0.6273192763328552,1.0,3.60139799118042,3.6026265621185303,3.7553293704986572,"[0.09724462032318115, 0.1047385185956955, 0.19464918971061707, 0.2335328459739685, 0.10026203095912933, 0.3278137147426605, 0.14335238933563232, 0.2601011395454407, 0.34591665863990784, 0.2890802025794983, 0.3162653148174286, 0.2460872083902359, 0.220469132065773, 0.13387179374694824, 0.3166697919368744, 0.13392417132854462, 0.21439339220523834, 0.2869129776954651, 0.23377911746501923, 0.28299587965011597, 0.2443375587463379, 0.09435462951660156, 0.29409506916999817, 0.5459129214286804, 0.22585320472717285, 0.12044995278120041, 0.29403945803642273, 0.40217506885528564, 0.1127525344491005, 0.31621110439300537, 0.23221607506275177, 0.19081546366214752]"
Movies,44,visual,1,18.86939811706543,0.22075155377388,0.5143886208534241,1.0,3.5947561264038086,3.5981059074401855,3.7553067207336426,"[0.24455921351909637, 0.32201844453811646, 0.23310890793800354, 0.18744857609272003, 0.39524829387664795, 0.3845851421356201, 0.27436789870262146, 0.3061225116252899, 0.14860574901103973, 0.40166571736335754, 0.3241746723651886, 0.305168092250824, 0.28939497470855713, 0.27930501103401184, 0.1892150640487671, 0.38976892828941345, 0.2725379467010498, 0.29308220744132996, 0.3459780216217041, 0.3176710605621338, 0.316771537065506, 0.16519007086753845, 0.3334355056285858, 0.36241546273231506, 0.1835942566394806, 0.25705116987228394, 0.3412550091743469, 0.1775970309972763, 0.3799336850643158, 0.3142492473125458, 0.1514015793800354, 0.30377960205078125]"
Movies,44,visual,2,18.077823638916016,0.21959833800792694,0.5466213226318359,1.0,3.5885214805603027,3.5936594009399414,3.7498483657836914,"[0.27736929059028625, 0.36226359009742737, 0.23722465336322784, 0.16870807111263275, 0.3848239481449127, 0.43220779299736023, 0.3206624686717987, 0.2822975814342499, 0.10941295325756073, 0.352448433637619, 0.3191174566745758, 0.29340627789497375, 0.2719128727912903, 0.28459689021110535, 0.22152528166770935, 0.39249786734580994, 0.2718457579612732, 0.31336700916290283, 0.33164823055267334, 0.3672506809234619, 0.3863042891025543, 0.21385087072849274, 0.3856857717037201, 0.37891483306884766, 0.21789301931858063, 0.272436261177063, 0.32755032181739807, 0.34792405366897583, 0.3768306076526642, 0.34038180112838745, 0.2201710343360901, 0.3288748562335968]"
Movies,44,visual,3,17.466466903686523,0.21831053495407104,0.567941427230835,1.0,3.5921273231506348,3.599832534790039,3.755178928375244,"[0.26097792387008667, 0.3501664400100708, 0.21560004353523254, 0.1666354089975357, 0.3675978481769562, 0.4216404855251312, 0.3193890452384949, 0.28882214426994324, 0.09313598275184631, 0.3241649270057678, 0.3136131763458252, 0.2700148820877075, 0.26504817605018616, 0.29204225540161133, 0.21297933161258698, 0.3925643563270569, 0.2546418011188507, 0.31130924820899963, 0.3139137327671051, 0.38423237204551697, 0.38236480951309204, 0.21161822974681854, 0.38700756430625916, 0.36178523302078247, 0.22560104727745056, 0.2866913378238678, 0.30517616868019104, 0.3940895199775696, 0.3660391867160797, 0.34611976146698, 0.21279433369636536, 0.33915573358535767]"
Grocery,42,text,1,17.37508773803711,0.25918594002723694,0.5470883250236511,1.0,3.6117453575134277,3.6162166595458984,3.770106315612793,"[0.22643128037452698, 0.14988359808921814, 0.17392440140247345, 0.31564396619796753, 0.30437758564949036, 0.28658121824264526, 0.37968510389328003, 0.4748566150665283, 0.2724796235561371, 0.3281252980232239, 0.3213007152080536, 0.2551521062850952, 0.39307940006256104, 0.1647469401359558, 0.2134082317352295, 0.32350820302963257, 0.3025314211845398, 0.25150686502456665, 0.28966784477233887, 0.27489447593688965, 0.35864537954330444, 0.22187112271785736, 0.24961505830287933, 0.2156662791967392, 0.3077833950519562, 0.4488910436630249, 0.35970643162727356, 0.2991044521331787, 0.33005398511886597, 0.2914477288722992, 0.1466580033302307, 0.269305020570755]"
Grocery,42,text,2,17.382015228271484,0.24075068533420563,0.5665150880813599,1.0,3.6044936180114746,3.610186815261841,3.766225576400757,"[0.20205578207969666, 0.20567072927951813, 0.1924595683813095, 0.34428247809410095, 0.3436054289340973, 0.27950525283813477, 0.2890813648700714, 0.5084394216537476, 0.3165625035762787, 0.37346792221069336, 0.33219122886657715, 0.35178887844085693, 0.4490405023097992, 0.24921244382858276, 0.2423357516527176, 0.2524105906486511, 0.3055073320865631, 0.22379930317401886, 0.3062359094619751, 0.25621336698532104, 0.3330502212047577, 0.23355628550052643, 0.2714420258998871, 0.2781498432159424, 0.37055960297584534, 0.45188626646995544, 0.4446622431278229, 0.30189192295074463, 0.3667233884334564, 0.32709482312202454, 0.2313787043094635, 0.2467152625322342]"
Grocery,42,text,3,16.84905433654785,0.23837795853614807,0.5849614143371582,1.0,3.6117773056030273,3.618368625640869,3.772256374359131,"[0.18799296021461487, 0.21024738252162933, 0.1942545771598816, 0.3675406873226166, 0.34348583221435547, 0.28393304347991943, 0.2908387780189514, 0.5110363364219666, 0.3169180750846863, 0.3809933066368103, 0.3506799638271332, 0.36271950602531433, 0.4519027769565582, 0.25488656759262085, 0.21582041680812836, 0.23303264379501343, 0.290011465549469, 0.21741695702075958, 0.3183434307575226, 0.23510824143886566, 0.32413384318351746, 0.24009032547473907, 0.29278719425201416, 0.2792295217514038, 0.32986149191856384, 0.46450546383857727, 0.45266440510749817, 0.30817973613739014, 0.37790006399154663, 0.3196645677089691, 0.23465600609779358, 0.2437785118818283]"
Grocery,42,visual,1,19.972232818603516,0.19986730813980103,0.5029556751251221,1.0,3.5953712463378906,3.603255033493042,3.7643353939056396,"[0.31564605236053467, 0.3187353014945984, 0.4011572599411011, 0.43480297923088074, 0.24363411962985992, 0.1853259652853012, 0.3238406777381897, 0.32804566621780396, 0.199448361992836, 0.36506351828575134, 0.31698817014694214, 0.314567893743515, 0.3435724973678589, 0.35601502656936646, 0.4567713439464569, 0.3329530358314514, 0.4110662639141083, 0.35261839628219604, 0.31912630796432495, 0.2840055525302887, 0.23604868352413177, 0.42491257190704346, 0.2956828474998474, 0.29628023505210876, 0.3441861569881439, 0.26648956537246704, 0.23541469871997833, 0.30217644572257996, 0.3500661551952362, 0.13245642185211182, 0.23719552159309387, 0.3164259195327759]"
Grocery,42,visual,2,18.258508682250977,0.21207919716835022,0.5532023906707764,1.0,3.6099166870117188,3.6200060844421387,3.76666259765625,"[0.350369393825531, 0.3831782341003418, 0.44773605465888977, 0.468718022108078, 0.26606693863868713, 0.18805520236492157, 0.3522428572177887, 0.3317336142063141, 0.29116442799568176, 0.30028435587882996, 0.3470151722431183, 0.3899107277393341, 0.338409423828125, 0.36206793785095215, 0.44076624512672424, 0.3442276120185852, 0.44747617840766907, 0.3862549364566803, 0.305038720369339, 0.3336014449596405, 0.22589156031608582, 0.42462411522865295, 0.3477384150028229, 0.3450707197189331, 0.4005575180053711, 0.31087103486061096, 0.26339808106422424, 0.2979101240634918, 0.35113784670829773, 0.13418680429458618, 0.32440757751464844, 0.3309302031993866]"
Grocery,42,visual,3,17.900285720825195,0.20054131746292114,0.563292384147644,1.0,3.618884563446045,3.6293845176696777,3.7729599475860596,"[0.3688953220844269, 0.41874226927757263, 0.4264877438545227, 0.4479244649410248, 0.26013708114624023, 0.1668194681406021, 0.3697912096977234, 0.3376811742782593, 0.25097283720970154, 0.29869139194488525, 0.3768535852432251, 0.4138663709163666, 0.32936185598373413, 0.33926454186439514, 0.4269997775554657, 0.32952940464019775, 0.4436255097389221, 0.3767535388469696, 0.2908540964126587, 0.39261510968208313, 0.2478514313697815, 0.39571741223335266, 0.3621828854084015, 0.37231680750846863, 0.403743714094162, 0.31690719723701477, 0.2657892107963562, 0.29526710510253906, 0.3518907129764557, 0.12590090930461884, 0.3273407816886902, 0.3316902816295624]"
Grocery,43,text,1,19.600914001464844,0.19772863388061523,0.5082827210426331,1.0,3.5857901573181152,3.5967257022857666,3.7546463012695312,"[0.16109472513198853, 0.33402982354164124, 0.27784815430641174, 0.29351532459259033, 0.32539576292037964, 0.3342745900154114, 0.25281134247779846, 0.3912166655063629, 0.23862333595752716, 0.2715640068054199, 0.32226455211639404, 0.27287644147872925, 0.26523974537849426, 0.3145492672920227, 0.3038836121559143, 0.10812543332576752, 0.272772878408432, 0.28979426622390747, 0.2818845212459564, 0.3165418803691864, 0.22446870803833008, 0.2982696294784546, 0.33702024817466736, 0.3335576057434082, 0.3168593645095825, 0.2890978753566742, 0.12964658439159393, 0.2624468505382538, 0.409952849149704, 0.27205950021743774, 0.3307904899120331, 0.2580699622631073]"
Grocery,43,text,2,19.396251678466797,0.18098090589046478,0.5273610353469849,1.0,3.602292776107788,3.6098098754882812,3.7638845443725586,"[0.1768452376127243, 0.31793156266212463, 0.32651668787002563, 0.2657569944858551, 0.3348519206047058, 0.32325392961502075, 0.3451044261455536, 0.30892571806907654, 0.24090921878814697, 0.2900848686695099, 0.3726368546485901, 0.2565622925758362, 0.30771103501319885, 0.36585813760757446, 0.3287670314311981, 0.14280763268470764, 0.28098613023757935, 0.27602705359458923, 0.3763106167316437, 0.25544118881225586, 0.23032782971858978, 0.30236193537712097, 0.3849872946739197, 0.4088985323905945, 0.27075836062431335, 0.30123382806777954, 0.20209437608718872, 0.26101115345954895, 0.4118363857269287, 0.2644197344779968, 0.3617182970046997, 0.3071790337562561]"
Grocery,43,text,3,18.536304473876953,0.1794627457857132,0.543416440486908,1.0,3.600499391555786,3.6075406074523926,3.765428304672241,"[0.18959270417690277, 0.318986177444458, 0.3064424991607666, 0.2558894455432892, 0.3397286534309387, 0.3206782937049866, 0.30796489119529724, 0.28684911131858826, 0.24415528774261475, 0.3127932846546173, 0.3571210503578186, 0.24161413311958313, 0.30742359161376953, 0.34906885027885437, 0.291091650724411, 0.13389742374420166, 0.24985317885875702, 0.26075854897499084, 0.3725213408470154, 0.21785371005535126, 0.2462514042854309, 0.2884117662906647, 0.40754732489585876, 0.42329955101013184, 0.26340335607528687, 0.2853187918663025, 0.19191330671310425, 0.2397618591785431, 0.39933404326438904, 0.22861045598983765, 0.33896127343177795, 0.3148980140686035]"
Grocery,43,visual,1,20.161510467529297,0.16084876656532288,0.507216215133667,1.0,3.609241008758545,3.6185202598571777,3.7717435359954834,"[0.25431469082832336, 0.32416146993637085, 0.3192341923713684, 0.24199654161930084, 0.36357322335243225, 0.4160469174385071, 0.34535229206085205, 0.41749247908592224, 0.23162804543972015, 0.22487962245941162, 0.2622286379337311, 0.35855841636657715, 0.3524799048900604, 0.32739031314849854, 0.3163227140903473, 0.3718857169151306, 0.33549946546554565, 0.4166167080402374, 0.21793383359909058, 0.2930450737476349, 0.2847093939781189, 0.3041035532951355, 0.2447209358215332, 0.18120764195919037, 0.44564512372016907, 0.384135901927948, 0.34429869055747986, 0.1869640052318573, 0.3209505081176758, 0.37712934613227844, 0.32985690236091614, 0.2590165138244629]"
Grocery,43,visual,2,18.97067642211914,0.17377112805843353,0.5369422435760498,1.0,3.599026679992676,3.6081488132476807,3.762321710586548,"[0.2723056375980377, 0.3434397280216217, 0.37156936526298523, 0.26937350630760193, 0.3481549322605133, 0.3972054421901703, 0.3443892002105713, 0.42852091789245605, 0.13277071714401245, 0.19562305510044098, 0.1841515302658081, 0.29710885882377625, 0.3759393095970154, 0.3428823947906494, 0.2940664291381836, 0.404096782207489, 0.35684797167778015, 0.36517608165740967, 0.23867009580135345, 0.3390398323535919, 0.3251534104347229, 0.23459920287132263, 0.3071681261062622, 0.18164998292922974, 0.4560256898403168, 0.3696836829185486, 0.32599198818206787, 0.2005714625120163, 0.34389811754226685, 0.38844576478004456, 0.3783285319805145, 0.29785990715026855]"
Grocery,43,visual,3,17.60334014892578,0.2186635434627533,0.5641263127326965,1.0,3.60404896736145,3.611159563064575,3.759765386581421,"[0.25009995698928833, 0.3363998830318451, 0.3785558342933655, 0.3202226459980011, 0.34408798813819885, 0.3979884088039398, 0.35509195923805237, 0.47238248586654663, 0.12358933687210083, 0.19460827112197876, 0.1907145380973816, 0.3003784120082855, 0.36121582984924316, 0.3531966805458069, 0.2919901907444, 0.4492447078227997, 0.3516328036785126, 0.3210737407207489, 0.2571426331996918, 0.3104671537876129, 0.3504599630832672, 0.18524610996246338, 0.3222401440143585, 0.1905200034379959, 0.46888020634651184, 0.3607518970966339, 0.2929115891456604, 0.18765072524547577, 0.32823383808135986, 0.3921481966972351, 0.38409268856048584, 0.2587599456310272]"
Grocery,44,text,1,19.591827392578125,0.18571621179580688,0.5110098123550415,1.0,3.5958456993103027,3.603952169418335,3.760871648788452,"[0.2446313500404358, 0.22278940677642822, 0.3154304027557373, 0.26374563574790955, 0.2402651011943817, 0.3851223289966583, 0.3229541778564453, 0.30761730670928955, 0.406393826007843, 0.28877657651901245, 0.5247550010681152, 0.37662744522094727, 0.25881683826446533, 0.3039880692958832, 0.3338417410850525, 0.3074949383735657, 0.2883000373840332, 0.29139095544815063, 0.30255651473999023, 0.4174494743347168, 0.18794304132461548, 0.26016485691070557, 0.33986544609069824, 0.37844690680503845, 0.4035826623439789, 0.32106050848960876, 0.25422269105911255, 0.5186509490013123, 0.28196224570274353, 0.28114259243011475, 0.28839215636253357, 0.2991503179073334]"
Grocery,44,text,2,18.930734634399414,0.15947894752025604,0.5380602478981018,1.0,3.6083569526672363,3.6183998584747314,3.7720320224761963,"[0.22774292528629303, 0.2519497871398926, 0.3292413055896759, 0.2323770523071289, 0.25967782735824585, 0.3576640784740448, 0.34211817383766174, 0.36928120255470276, 0.3783230483531952, 0.29767122864723206, 0.4939320683479309, 0.38330647349357605, 0.24605557322502136, 0.28080683946609497, 0.36147063970565796, 0.31992974877357483, 0.3140777051448822, 0.3043421804904938, 0.33071136474609375, 0.4519208073616028, 0.2435041069984436, 0.3132079541683197, 0.31745395064353943, 0.44673192501068115, 0.37002813816070557, 0.29710230231285095, 0.21567966043949127, 0.5547193288803101, 0.3244081139564514, 0.2435884028673172, 0.31878843903541565, 0.27190881967544556]"
Grocery,44,text,3,18.314043045043945,0.16463257372379303,0.5573360919952393,1.0,3.6092331409454346,3.6171765327453613,3.770087242126465,"[0.21823501586914062, 0.25689658522605896, 0.32332202792167664, 0.23224829137325287, 0.2790978252887726, 0.3477858901023865, 0.34553244709968567, 0.3791714906692505, 0.3760039210319519, 0.29319992661476135, 0.4849763512611389, 0.389596164226532, 0.2497575283050537, 0.2754521071910858, 0.3475234806537628, 0.3056029975414276, 0.3251216411590576, 0.314187616109848, 0.3646398186683655, 0.4525867998600006, 0.22784523665905, 0.31116557121276855, 0.3033711612224579, 0.4464516341686249, 0.36856746673583984, 0.28215736150741577, 0.19639307260513306, 0.5577731728553772, 0.31084638833999634, 0.23074524104595184, 0.29338720440864563, 0.2668740153312683]"
Grocery,44,visual,1,20.173362731933594,0.17332875728607178,0.5128108859062195,1.0,3.5998334884643555,3.605706214904785,3.7611656188964844,"[0.31321966648101807, 0.40511268377304077, 0.4087982773780823, 0.36256444454193115, 0.324331134557724, 0.3269396424293518, 0.38089674711227417, 0.3347984552383423, 0.2918916344642639, 0.31656742095947266, 0.33072707056999207, 0.17965728044509888, 0.3103930652141571, 0.2983628511428833, 0.3054867386817932, 0.4674951732158661, 0.3634163737297058, 0.34680768847465515, 0.3312975764274597, 0.32048964500427246, 0.29760080575942993, 0.3817146420478821, 0.3488602042198181, 0.389319509267807, 0.35237908363342285, 0.3858167231082916, 0.2106761634349823, 0.40524962544441223, 0.2779780328273773, 0.3800303041934967, 0.32275503873825073, 0.3110038936138153]"
Grocery,44,visual,2,19.129030227661133,0.1701771467924118,0.5321058034896851,1.0,3.619351387023926,3.6269783973693848,3.7883453369140625,"[0.330318421125412, 0.38883182406425476, 0.44721901416778564, 0.34864896535873413, 0.34511151909828186, 0.3318377137184143, 0.36257001757621765, 0.3651066720485687, 0.26404064893722534, 0.2687718868255615, 0.35719063878059387, 0.19222097098827362, 0.34542495012283325, 0.2873794436454773, 0.27276134490966797, 0.4213349521160126, 0.34604504704475403, 0.35966673493385315, 0.34375232458114624, 0.3092338442802429, 0.2823064923286438, 0.37790122628211975, 0.34128665924072266, 0.4232286810874939, 0.3283843398094177, 0.37677067518234253, 0.16777601838111877, 0.4734410345554352, 0.3020083010196686, 0.39206644892692566, 0.31881868839263916, 0.32504212856292725]"
Grocery,44,visual,3,17.872268676757812,0.186200350522995,0.5637427568435669,1.0,3.6296305656433105,3.6383023262023926,3.802253007888794,"[0.3516905903816223, 0.3856792151927948, 0.4653506577014923, 0.3691004514694214, 0.34414738416671753, 0.33511367440223694, 0.36671867966651917, 0.36697569489479065, 0.27916523814201355, 0.25460687279701233, 0.37606775760650635, 0.18966975808143616, 0.3387051224708557, 0.2731787860393524, 0.25712522864341736, 0.4126768112182617, 0.33970674872398376, 0.35895290970802307, 0.3401379883289337, 0.29277244210243225, 0.27005717158317566, 0.36305567622184753, 0.3594592213630676, 0.4354872703552246, 0.32656118273735046, 0.38486140966415405, 0.1544829159975052, 0.5011995434761047, 0.2784785330295563, 0.37858080863952637, 0.3245692551136017, 0.34106364846229553]"
