dataset,seed,mode,shuffle_seed,val_acc,val_macro_f1,delta_val_acc_vs_full,delta_val_macro_f1_vs_full,G3_mean_relative_difference,provenance_residual_relative_difference_mean,atom_relative_difference_mean,semantic_max_abs_error
Movies,42,adapter_off,,0.5053989291191101,0.4022717591770449,-0.024895012378692627,-0.011855385733173407,2.277680621887157e-07,1.2812320449029357e-07,0.0,0.0
Movies,42,history_off,,0.49640071392059326,0.39780793154563665,-0.03389322757720947,-0.01631921336458164,1.2833066582679749,0.9209390878677368,0.0,0.0
Movies,42,relation_off,,0.518896222114563,0.41049674212732584,-0.011397719383239746,-0.00363040278289245,0.7350264191627502,0.6170554757118225,0.841031014919281,0.0
Movies,42,effect_off,,0.5281943678855896,0.40281736141446417,-0.0020995736122131348,-0.011309783495754122,0.4516359120607376,0.3224560618400574,0.8190743426481882,0.0
Movies,42,history_shuffle,3407,0.5212957262992859,0.38004773775127354,-0.008998215198516846,-0.03407940715894475,0.6704429686069489,0.6192806959152222,0.0,0.0
Movies,42,history_shuffle,3408,0.5101979374885559,0.372729662756092,-0.020096004009246826,-0.04139748215412631,0.6709678173065186,0.6211972236633301,0.0,0.0
Movies,42,history_shuffle,3409,0.5140971541404724,0.3895215263574273,-0.016196787357330322,-0.024605618552790975,0.6701546609401703,0.6187310814857483,0.0,0.0
Movies,43,adapter_off,,0.5158967971801758,0.33421410528301443,-0.012597501277923584,0.006640604023078922,2.487329879841127e-07,1.3382283725604793e-07,0.0,0.0
Movies,43,history_off,,0.5047990679740906,0.34255445716205524,-0.02369523048400879,0.01498095590211973,1.476192593574524,1.1360622644424438,0.0,0.0
Movies,43,relation_off,,0.5179964303970337,0.3263447396593235,-0.010497868061065674,-0.0012287616006120272,0.5916903167963028,0.48608365654945374,0.8560793499151865,0.0
Movies,43,effect_off,,0.5227954387664795,0.30413025537292315,-0.005698859691619873,-0.023443245887012354,0.45578452944755554,0.3006981611251831,0.8541501462459564,0.0
Movies,43,history_shuffle,3407,0.5149970054626465,0.2807421578380803,-0.01349729299545288,-0.04683134342185519,0.6662630587816238,0.5272995829582214,0.0,0.0
Movies,43,history_shuffle,3408,0.5173965096473694,0.2808712508367153,-0.01109778881072998,-0.04670225042322018,0.6665666252374649,0.5308482646942139,0.0,0.0
Movies,43,history_shuffle,3409,0.5104979276657104,0.2742319946384395,-0.017996370792388916,-0.053341506621496004,0.6648258566856384,0.5280003547668457,0.0,0.0
Movies,44,adapter_off,,0.5095980763435364,0.3391528107587851,-0.021595656871795654,-0.04594415153409703,2.51480358315348e-07,1.3495591133505513e-07,0.0,0.0
Movies,44,history_off,,0.5149970054626465,0.3486170809764558,-0.016196727752685547,-0.03647988131642638,1.3656429052352905,0.9766685962677002,0.0,0.0
Movies,44,relation_off,,0.5059987902641296,0.3143194645439916,-0.025194942951202393,-0.07077749774889053,0.7232465744018555,0.640409529209137,0.8210594256718954,0.0
Movies,44,effect_off,,0.5305938720703125,0.3866836628821729,-0.0005998611450195312,0.0015867005892907238,0.4071545898914337,0.25742945075035095,0.7718104322751363,0.0
Movies,44,history_shuffle,3407,0.5152969360351562,0.3295940621870589,-0.01589679718017578,-0.05550290010582326,0.7354885339736938,0.6996561884880066,0.0,0.0
Movies,44,history_shuffle,3408,0.5182963609695435,0.3280075181594447,-0.012897372245788574,-0.05708944413343747,0.7397972345352173,0.7110178470611572,0.0,0.0
Movies,44,history_shuffle,3409,0.5080983638763428,0.3058611537055717,-0.023095369338989258,-0.07923580858731044,0.7374162971973419,0.7088794708251953,0.0,0.0
Grocery,42,adapter_off,,0.7997071743011475,0.7111220259169309,-0.008784770965576172,-0.014334598007375243,2.6632611138666107e-07,1.662604063312756e-07,0.0,0.0
Grocery,42,history_off,,0.8005856275558472,0.722231148873673,-0.007906317710876465,-0.0032254750506330865,1.2778697609901428,0.920887291431427,0.0,0.0
Grocery,42,relation_off,,0.7935578227043152,0.7091335471892707,-0.014934122562408447,-0.016323076735035413,0.8460583388805389,0.7762154936790466,0.8326136966546377,0.0
Grocery,42,effect_off,,0.803806722164154,0.719049753453625,-0.00468522310256958,-0.006406870470681114,0.5829009115695953,0.4875028133392334,0.821471373240153,0.0
Grocery,42,history_shuffle,3407,0.7970717549324036,0.7087699489797237,-0.011420190334320068,-0.016686674944582425,0.9204466640949249,0.7354325652122498,0.0,0.0
Grocery,42,history_shuffle,3408,0.7944363355636597,0.7134829792563034,-0.014055609703063965,-0.011973644668002659,0.9134040772914886,0.7279947996139526,0.0,0.0
Grocery,42,history_shuffle,3409,0.7926793694496155,0.7040183362322231,-0.015812575817108154,-0.021438287692083002,0.9189260601997375,0.7366935014724731,0.0,0.0
Grocery,43,adapter_off,,0.8014641404151917,0.6869151904471664,-0.009370386600494385,-0.010450203547928916,2.6886128523528896e-07,1.7325551482372248e-07,0.0,0.0
Grocery,43,history_off,,0.7959004640579224,0.6756429731115638,-0.014934062957763672,-0.02172242088353149,1.3303921818733215,0.9760770201683044,0.0,0.0
Grocery,43,relation_off,,0.7882869839668274,0.6737522202003065,-0.022547543048858643,-0.02361317379478889,0.8249689042568207,0.8051090240478516,0.8236095805962881,0.0
Grocery,43,effect_off,,0.8073206543922424,0.696198768185344,-0.0035138726234436035,-0.0011666258097513538,0.5416305214166641,0.443106472492218,0.7946431537469228,0.0
Grocery,43,history_shuffle,3407,0.7751098275184631,0.6617140010469115,-0.0357246994972229,-0.03565139294818387,1.0699785947799683,1.0082863569259644,0.0,0.0
Grocery,43,history_shuffle,3408,0.7792093753814697,0.6583760691916967,-0.03162515163421631,-0.03898932480339867,1.0695077776908875,1.010675311088562,0.0,0.0
Grocery,43,history_shuffle,3409,0.7797950506210327,0.6667046331766978,-0.03103947639465332,-0.030660760818397526,1.0683315992355347,1.0089457035064697,0.0,0.0
Grocery,44,adapter_off,,0.8087847828865051,0.70343555432856,-0.010541737079620361,-0.008256842232163497,2.438383717162651e-07,1.478942834864938e-07,0.0,0.0
Grocery,44,history_off,,0.8061493635177612,0.6969224965682019,-0.013177156448364258,-0.01476989999252154,1.37883722782135,1.0272283554077148,0.0,0.0
Grocery,44,relation_off,,0.8020497560501099,0.7027505757105781,-0.017276763916015625,-0.008941820850145388,0.9061128795146942,0.8379005193710327,0.8245328466097513,0.0
Grocery,44,effect_off,,0.8178623914718628,0.7135049836061149,-0.0014641284942626953,0.001812587045391445,0.5121573060750961,0.35266193747520447,0.7905624111493429,0.0
Grocery,44,history_shuffle,3407,0.8017569780349731,0.7066672328098444,-0.017569541931152344,-0.005025163750879025,0.9402180910110474,0.7880587577819824,0.0,0.0
Grocery,44,history_shuffle,3408,0.8008784651756287,0.6938408114932143,-0.018448054790496826,-0.017851585067509168,0.9373832941055298,0.7836523652076721,0.0,0.0
Grocery,44,history_shuffle,3409,0.800000011920929,0.6966255574719374,-0.019326508045196533,-0.015066839088786033,0.9363864660263062,0.7818398475646973,0.0,0.0
