dataset,seed,modality,state,effective_rank,top1_energy,top5_energy,channel_variance_active_fraction
Movies,42,text,G1,4.505615234375,0.6013479828834534,0.8938463926315308,1.0
Movies,42,text,G2,4.938742160797119,0.5891053676605225,0.8683626651763916,1.0
Movies,42,text,G3,3.710904836654663,0.6671512722969055,0.9224005937576294,1.0
Movies,42,visual,G1,3.9481375217437744,0.626218855381012,0.9218858480453491,1.0
Movies,42,visual,G2,5.480581283569336,0.5211113691329956,0.8879045844078064,1.0
Movies,42,visual,G3,4.362231731414795,0.4772337079048157,0.9293818473815918,1.0
Movies,43,text,G1,6.439701557159424,0.5210132002830505,0.8232701420783997,1.0
Movies,43,text,G2,5.103157997131348,0.5753669738769531,0.8825587630271912,1.0
Movies,43,text,G3,5.008728981018066,0.5949978232383728,0.8791183233261108,1.0
Movies,43,visual,G1,5.13926887512207,0.48545920848846436,0.8937849998474121,1.0
Movies,43,visual,G2,5.4081573486328125,0.43789488077163696,0.900424063205719,1.0
Movies,43,visual,G3,5.311418533325195,0.49078306555747986,0.8978292942047119,1.0
Movies,44,text,G1,4.690447807312012,0.5854161381721497,0.8881797790527344,1.0
Movies,44,text,G2,4.038593769073486,0.6627599000930786,0.9003833532333374,1.0
Movies,44,text,G3,3.738556146621704,0.6871755123138428,0.9123654365539551,1.0
Movies,44,visual,G1,6.349978446960449,0.43865785002708435,0.8717877864837646,1.0
Movies,44,visual,G2,5.031678676605225,0.5896718502044678,0.8786623477935791,1.0
Movies,44,visual,G3,3.9219226837158203,0.6333299279212952,0.9084407687187195,1.0
Grocery,42,text,G1,5.316795349121094,0.4996415972709656,0.9013946652412415,1.0
Grocery,42,text,G2,5.370207786560059,0.5354626774787903,0.8823455572128296,1.0
Grocery,42,text,G3,4.205379009246826,0.6174454689025879,0.9196998476982117,1.0
Grocery,42,visual,G1,6.430261135101318,0.37750443816185,0.8813314437866211,1.0
Grocery,42,visual,G2,5.1501288414001465,0.44936785101890564,0.9058799147605896,1.0
Grocery,42,visual,G3,5.485203266143799,0.39829015731811523,0.9184026122093201,1.0
Grocery,43,text,G1,4.383460998535156,0.5315544605255127,0.9237335920333862,1.0
Grocery,43,text,G2,4.358857154846191,0.5866014361381531,0.9135115742683411,1.0
Grocery,43,text,G3,4.122450828552246,0.6164571642875671,0.9162507057189941,1.0
Grocery,43,visual,G1,5.196216106414795,0.46214747428894043,0.8965374827384949,1.0
Grocery,43,visual,G2,6.795990943908691,0.3357844948768616,0.8627771139144897,1.0
Grocery,43,visual,G3,6.403831958770752,0.3883954882621765,0.8722303509712219,1.0
Grocery,44,text,G1,4.291266441345215,0.6023485660552979,0.904542088508606,1.0
Grocery,44,text,G2,5.948787689208984,0.4549005329608917,0.8856944441795349,1.0
Grocery,44,text,G3,4.318027973175049,0.49472206830978394,0.9343613982200623,1.0
Grocery,44,visual,G1,5.491718292236328,0.55080646276474,0.8509554266929626,1.0
Grocery,44,visual,G2,4.347011566162109,0.6159918308258057,0.9056768417358398,1.0
Grocery,44,visual,G3,4.3538055419921875,0.5645931959152222,0.935310423374176,1.0
