dataset,seed,modality,order,G_norm_mean,G_norm_p50,relative_change_mean,relative_change_p50,relative_change_p90,cosine_mean,cosine_p10,cosine_p50
Movies,42,text,1,5.720104217529297,5.719316482543945,1.420487403869629,1.4204370975494385,1.4217617511749268,0.002325363690033555,0.0010044053196907043,0.002403905615210533
Movies,42,text,2,5.718971252441406,5.718041896820068,1.281830072402954,1.3196816444396973,1.5038526058197021,0.1593545526266098,-0.13198421895503998,0.12923550605773926
Movies,42,text,3,5.752384185791016,5.751245975494385,1.193640112876892,1.2488927841186523,1.570913553237915,0.24246735870838165,-0.22034141421318054,0.22489556670188904
Movies,42,visual,1,5.72900390625,5.726434707641602,1.4221162796020508,1.4216804504394531,1.4252127408981323,0.001609455095604062,0.0005055710789747536,0.0016150139272212982
Movies,42,visual,2,5.746761798858643,5.747476577758789,1.358954906463623,1.3864059448242188,1.5995968580245972,0.06037536635994911,-0.2768159806728363,0.04182569682598114
Movies,42,visual,3,5.777400493621826,5.773264408111572,1.3579864501953125,1.4720091819763184,1.7840757369995117,0.012297708541154861,-0.5746546387672424,-0.07734037935733795
Movies,43,text,1,5.69258975982666,5.6923418045043945,1.4185781478881836,1.418548583984375,1.4195741415023804,0.00015463116869796067,-0.000144774850923568,0.00016093440353870392
Movies,43,text,2,5.682319641113281,5.682433128356934,1.3651202917099,1.3653883934020996,1.4571126699447632,0.06388586759567261,-0.06422785669565201,0.06633725762367249
Movies,43,text,3,5.700770854949951,5.701052665710449,1.276987910270691,1.279895544052124,1.4000276327133179,0.18267634510993958,0.023886913433670998,0.18363068997859955
Movies,43,visual,1,5.707508087158203,5.706418991088867,1.4205093383789062,1.4203197956085205,1.4231168031692505,7.155440107453614e-05,-0.0010609731543809175,5.0026923418045044e-05
Movies,43,visual,2,5.705822467803955,5.704351902008057,1.4475300312042236,1.4628806114196777,1.58363938331604,-0.05542432516813278,-0.25426438450813293,-0.07036007940769196
Movies,43,visual,3,5.723924160003662,5.722838878631592,1.5567532777786255,1.5866115093231201,1.7300692796707153,-0.2207920253276825,-0.4909918010234833,-0.2545854449272156
Movies,44,text,1,5.678948402404785,5.678099155426025,1.4153766632080078,1.4152333736419678,1.4164246320724487,0.002259068191051483,0.0013743214076384902,0.0023179203271865845
Movies,44,text,2,5.698235034942627,5.698592185974121,1.3606921434402466,1.3821568489074707,1.4736987352371216,0.07218005508184433,-0.0827411487698555,0.04846571385860443
Movies,44,text,3,5.717857837677002,5.723038196563721,1.1686474084854126,1.1627509593963623,1.350441336631775,0.3098900020122528,0.09021305292844772,0.32724127173423767
Movies,44,visual,1,5.700960159301758,5.699907302856445,1.4173182249069214,1.417210578918457,1.4187861680984497,0.003405751194804907,0.0025023415219038725,0.003401918336749077
Movies,44,visual,2,5.707401752471924,5.7071123123168945,1.2408784627914429,1.2384514808654785,1.3680667877197266,0.22612552344799042,0.06562001258134842,0.23363885283470154
Movies,44,visual,3,5.73607873916626,5.740588188171387,1.210069179534912,1.2065749168395996,1.4207812547683716,0.25930482149124146,-0.002306890906766057,0.27566784620285034
Grocery,42,text,1,5.766761779785156,5.7627458572387695,1.4276121854782104,1.4275643825531006,1.431264877319336,0.0005713015561923385,-0.001143897301517427,0.00048251450061798096
Grocery,42,text,2,5.7867937088012695,5.784431457519531,1.2880076169967651,1.2965890169143677,1.451178789138794,0.16398774087429047,-0.04995287209749222,0.16186396777629852
Grocery,42,text,3,5.837965965270996,5.838690757751465,1.0863243341445923,1.0725533962249756,1.4390130043029785,0.3842419385910034,-0.025337310507893562,0.4305945932865143
Grocery,42,visual,1,5.8052449226379395,5.802979946136475,1.429893136024475,1.4294490814208984,1.4328197240829468,0.004171154927462339,0.00248395255766809,0.004149984568357468
Grocery,42,visual,2,5.828756809234619,5.827854633331299,1.3209038972854614,1.3614585399627686,1.5737316608428955,0.1084732785820961,-0.23381724953651428,0.07723794877529144
Grocery,42,visual,3,5.861361026763916,5.8612589836120605,1.230522632598877,1.299218773841858,1.6281777620315552,0.1927599459886551,-0.31419244408607483,0.16107037663459778
Grocery,43,text,1,5.741771697998047,5.739576816558838,1.4231388568878174,1.4223694801330566,1.4273433685302734,0.0024277414195239544,7.351342355832458e-05,0.0029550567269325256
Grocery,43,text,2,5.757691860198975,5.759120941162109,1.2961359024047852,1.299999713897705,1.581858515739441,0.13932377099990845,-0.2489948868751526,0.15690487623214722
Grocery,43,text,3,5.783092498779297,5.78393030166626,1.1260055303573608,1.1281623840332031,1.594242811203003,0.3120597004890442,-0.2608019709587097,0.36662355065345764
Grocery,43,visual,1,5.748223781585693,5.749970436096191,1.4255017042160034,1.4256951808929443,1.428188681602478,0.0002525477611925453,-0.0013170812744647264,7.107481360435486e-05
Grocery,43,visual,2,5.764875411987305,5.7660064697265625,1.4330030679702759,1.4333956241607666,1.6189359426498413,-0.03318189084529877,-0.3026258945465088,-0.024373246356844902
Grocery,43,visual,3,5.7927117347717285,5.793843746185303,1.4098018407821655,1.4332044124603271,1.653699278831482,-0.009577796794474125,-0.3624936640262604,-0.020913612097501755
Grocery,44,text,1,5.8134050369262695,5.804805755615234,1.4328795671463013,1.4316179752349854,1.4400800466537476,0.0014550676569342613,-0.0003732129407580942,0.0015653818845748901
Grocery,44,text,2,5.871284484863281,5.873162269592285,1.5175879001617432,1.5351033210754395,1.6761099100112915,-0.14987897872924805,-0.39431262016296387,-0.16612572968006134
Grocery,44,text,3,5.899349689483643,5.899879455566406,1.5672602653503418,1.5845210552215576,1.8133097887039185,-0.24127449095249176,-0.6333034038543701,-0.25006067752838135
Grocery,44,visual,1,5.882856845855713,5.882155895233154,1.4367907047271729,1.4367640018463135,1.439780354499817,0.008238118141889572,0.005877749063074589,0.008195409551262856
Grocery,44,visual,2,5.864704132080078,5.866772651672363,1.491233468055725,1.4892923831939697,1.6570699214935303,-0.12301602214574814,-0.3737931549549103,-0.11452825367450714
Grocery,44,visual,3,5.932477951049805,5.932127952575684,1.549252986907959,1.5579135417938232,1.8100297451019287,-0.20695586502552032,-0.6186302900314331,-0.19914668798446655
