dataset,seed,modality,order,G_vs_delta_S,G_vs_S
Movies,42,text,1,0.5510860681533813,0.43712231516838074
Movies,42,text,2,0.3151574730873108,0.45636218786239624
Movies,42,text,3,0.1737137734889984,0.3634783923625946
Movies,42,visual,1,0.2619682252407074,0.30404457449913025
Movies,42,visual,2,0.156027153134346,0.2977806329727173
Movies,42,visual,3,0.18584682047367096,0.276475191116333
Movies,43,text,1,0.5712561011314392,0.419851690530777
Movies,43,text,2,0.341176837682724,0.4450121223926544
Movies,43,text,3,0.29689547419548035,0.4273069500923157
Movies,43,visual,1,0.30497708916664124,0.3283359706401825
Movies,43,visual,2,0.1973646879196167,0.34134578704833984
Movies,43,visual,3,0.20810148119926453,0.2730197608470917
Movies,44,text,1,0.4212685823440552,0.36461853981018066
Movies,44,text,2,0.22414514422416687,0.31481724977493286
Movies,44,text,3,0.14140795171260834,0.2369328886270523
Movies,44,visual,1,0.2507953941822052,0.3064921796321869
Movies,44,visual,2,0.20131148397922516,0.2599104344844818
Movies,44,visual,3,0.16964974999427795,0.19809690117835999
Grocery,42,text,1,0.31410521268844604,0.3337978422641754
Grocery,42,text,2,0.24250826239585876,0.32963109016418457
Grocery,42,text,3,0.23401129245758057,0.31334587931632996
Grocery,42,visual,1,0.21702054142951965,0.28279417753219604
Grocery,42,visual,2,0.1421966850757599,0.3071210980415344
Grocery,42,visual,3,0.16368500888347626,0.24952512979507446
Grocery,43,text,1,0.3330439627170563,0.34627583622932434
Grocery,43,text,2,0.24160797894001007,0.28715524077415466
Grocery,43,text,3,0.25222674012184143,0.2583725154399872
Grocery,43,visual,1,0.2874378263950348,0.34173277020454407
Grocery,43,visual,2,0.20622731745243073,0.33725810050964355
Grocery,43,visual,3,0.20979134738445282,0.2774721086025238
Grocery,44,text,1,0.29845350980758667,0.37104710936546326
Grocery,44,text,2,0.20515020191669464,0.2793876528739929
Grocery,44,text,3,0.1477043777704239,0.19759151339530945
Grocery,44,visual,1,0.1996520757675171,0.2391045093536377
Grocery,44,visual,2,0.15292125940322876,0.22982089221477509
Grocery,44,visual,3,0.1679246872663498,0.21022646129131317
