dataset,seed,shuffle_seed,modality,num_edges,same_node_permutation_for_both_modalities,degree_bucket_distribution_preserved,context_norm_multiset_equal,context_norm_full_count,context_norm_full_mean,context_norm_full_std,context_norm_full_p10,context_norm_full_p50,context_norm_full_p90,context_norm_shuffled_count,context_norm_shuffled_mean,context_norm_shuffled_std,context_norm_shuffled_p10,context_norm_shuffled_p50,context_norm_shuffled_p90,shuffle_residual_ratio_count,shuffle_residual_ratio_mean,shuffle_residual_ratio_std,shuffle_residual_ratio_p10,shuffle_residual_ratio_p50,shuffle_residual_ratio_p90,full_to_shuffle_distance_over_full_residual_count,full_to_shuffle_distance_over_full_residual_mean,full_to_shuffle_distance_over_full_residual_std,full_to_shuffle_distance_over_full_residual_p10,full_to_shuffle_distance_over_full_residual_p50,full_to_shuffle_distance_over_full_residual_p90,abs_conductance_full_minus_shuffle_count,abs_conductance_full_minus_shuffle_mean,abs_conductance_full_minus_shuffle_std,abs_conductance_full_minus_shuffle_p10,abs_conductance_full_minus_shuffle_p50,abs_conductance_full_minus_shuffle_p90,mean_abs_angle_full_minus_shuffle_count,mean_abs_angle_full_minus_shuffle_mean,mean_abs_angle_full_minus_shuffle_std,mean_abs_angle_full_minus_shuffle_p10,mean_abs_angle_full_minus_shuffle_p50,mean_abs_angle_full_minus_shuffle_p90
Movies,42,3407,text,160802,True,True,True,16672,5.57362174987793,0.1548399180173874,5.377094745635986,5.572042465209961,5.779469013214111,16672,5.57362174987793,0.1548399180173874,5.377094745635986,5.572042465209961,5.779469013214111,160802,0.2988799512386322,0.06145954877138138,0.21874995529651642,0.3235815167427063,0.33949732780456543,160802,0.08795606344938278,0.2653021216392517,0.004579247906804085,0.020689327269792557,0.171953022480011,160802,0.008397890254855156,0.017497636377811432,0.000416071736253798,0.0025958269834518433,0.021668551489710808,160802,0.0065096290782094,0.011551359668374062,0.0004596779472194612,0.00249386765062809,0.01691116951406002
Movies,42,3407,visual,160802,True,True,True,16672,5.349908351898193,0.12549373507499695,5.1768717765808105,5.360936164855957,5.5027337074279785,16672,5.349908351898193,0.12549373507499695,5.1768717765808105,5.360936164855957,5.5027337074279785,160802,0.2045067697763443,0.01740472950041294,0.18359920382499695,0.2080674171447754,0.22170156240463257,160802,0.02721700817346573,0.02417008951306343,0.005167644005268812,0.02123366668820381,0.055837616324424744,160802,0.003180738305673003,0.002666889224201441,0.00047672694199718535,0.0025466829538345337,0.006670832633972168,160802,0.0022091499995440245,0.00200842902995646,0.0003396987449377775,0.0016994780162349343,0.004638834856450558
Movies,42,3408,text,160802,True,True,True,16672,5.57362174987793,0.1548399180173874,5.377094745635986,5.572042465209961,5.779469013214111,16672,5.573622226715088,0.1548399180173874,5.377094745635986,5.572042465209961,5.779469013214111,160802,0.2989071011543274,0.061219893395900726,0.21901193261146545,0.3236476182937622,0.33947116136550903,160802,0.09087249636650085,0.276998370885849,0.004561324138194323,0.020499933511018753,0.17409992218017578,160802,0.008615035563707352,0.01807912066578865,0.0004133746260777116,0.002567693591117859,0.022350739687681198,160802,0.0066510336473584175,0.0119109395891428,0.00045983714517205954,0.0024738290812820196,0.017324620857834816
Movies,42,3408,visual,160802,True,True,True,16672,5.349908351898193,0.12549373507499695,5.1768717765808105,5.360936164855957,5.5027337074279785,16672,5.349908351898193,0.12549373507499695,5.1768717765808105,5.360936164855957,5.5027337074279785,160802,0.20450128614902496,0.01733102835714817,0.18373817205429077,0.20802992582321167,0.22167792916297913,160802,0.02733004465699196,0.024291664361953735,0.005106830969452858,0.02120085433125496,0.05653557926416397,160802,0.0031974506564438343,0.0026988841127604246,0.000471267121611163,0.002543628215789795,0.006742676254361868,160802,0.0022211866453289986,0.002027820097282529,0.0003378826950211078,0.0017003989778459072,0.004687378648668528
Movies,42,3409,text,160802,True,True,True,16672,5.57362174987793,0.1548399180173874,5.377094745635986,5.572042465209961,5.779469013214111,16672,5.573622226715088,0.1548399031162262,5.377094745635986,5.572042465209961,5.779469013214111,160802,0.29879578948020935,0.06157148256897926,0.2190134972333908,0.32371726632118225,0.33948031067848206,160802,0.08841615170240402,0.27043628692626953,0.00456723989918828,0.020509066060185432,0.17124661803245544,160802,0.008419209159910679,0.01762593537569046,0.0004172936314716935,0.002561792731285095,0.02191864140331745,160802,0.006521877832710743,0.011657633818686008,0.00046077926526777446,0.0024766060523688793,0.016901755705475807
Movies,42,3409,visual,160802,True,True,True,16672,5.349908351898193,0.12549373507499695,5.1768717765808105,5.360936164855957,5.5027337074279785,16672,5.349908351898193,0.12549373507499695,5.1768717765808105,5.360936164855957,5.5027337074279785,160802,0.2044762670993805,0.017428860068321228,0.18363463878631592,0.20801275968551636,0.2217370867729187,160802,0.02716580405831337,0.024220434948801994,0.005104342475533485,0.02110767364501953,0.05601662024855614,160802,0.003177052829414606,0.002662380924448371,0.0004725486214738339,0.0025348961353302,0.0066990721970796585,160802,0.002206952078267932,0.0019941418431699276,0.00033817783696576953,0.001692844438366592,0.0046546924859285355
Movies,43,3407,text,160802,True,True,True,16672,5.727642059326172,0.0746937245130539,5.628538608551025,5.72788667678833,5.823394298553467,16672,5.727642059326172,0.07469373196363449,5.628538608551025,5.72788667678833,5.823394298553467,160802,0.3277273178100586,0.010763846337795258,0.31848928332328796,0.32981961965560913,0.33630213141441345,160802,0.010789132677018642,0.010976397432386875,0.0021199099719524384,0.008477878756821156,0.021936938166618347,160802,0.0016684678848832846,0.0015645651146769524,0.00023476929345633835,0.0012911856174468994,0.0035208663903176785,160802,0.0011215825797989964,0.0009982438059523702,0.00019359246653039008,0.0008805603720247746,0.002327938098460436
Movies,43,3407,visual,160802,True,True,True,16672,5.859770774841309,0.10944472253322601,5.725554466247559,5.852748870849609,6.009755611419678,16672,5.859771251678467,0.10944472253322601,5.725554466247559,5.852748870849609,6.009755611419678,160802,0.2126757949590683,0.003954386338591576,0.20806100964546204,0.21291624009609222,0.21717436611652374,160802,0.011525298468768597,0.009298262186348438,0.0020644860342144966,0.00931444764137268,0.023832889273762703,160802,0.0013976701302453876,0.0011567564215511084,0.00020650029182434082,0.001130521297454834,0.0029259324073791504,160802,0.0008766708197072148,0.0007494845194742084,0.00013991705782245845,0.0006957061123102903,0.0018269072752445936
Movies,43,3408,text,160802,True,True,True,16672,5.727642059326172,0.0746937245130539,5.628538608551025,5.72788667678833,5.823394298553467,16672,5.727642059326172,0.07469373941421509,5.628538608551025,5.72788667678833,5.823394298553467,160802,0.3277069330215454,0.01086342241615057,0.3184473216533661,0.3297816812992096,0.3363403379917145,160802,0.01073339395225048,0.010286799632012844,0.0021141667384654284,0.008453603833913803,0.02192119136452675,160802,0.0016637442167848349,0.0015519944718107581,0.0002351701259613037,0.0012866854667663574,0.0035145781002938747,160802,0.001116985804401338,0.0009857864351943135,0.00019360569422133267,0.0008809918072074652,0.0023246905766427517
Movies,43,3408,visual,160802,True,True,True,16672,5.859770774841309,0.10944472253322601,5.725554466247559,5.852748870849609,6.009755611419678,16672,5.859771251678467,0.10944472253322601,5.725554466247559,5.852748870849609,6.009755611419678,160802,0.21266604959964752,0.003962164744734764,0.2080143243074417,0.21290355920791626,0.21719282865524292,160802,0.01150201354175806,0.009202614426612854,0.0020752816926687956,0.009298060089349747,0.023772625252604485,160802,0.0013952855952084064,0.0011475041974335909,0.00020775498705916107,0.0011296123266220093,0.002920564729720354,160802,0.0008751564892008901,0.0007413355633616447,0.00014091488264966756,0.0006961236940696836,0.0018248780397698283
Movies,43,3409,text,160802,True,True,True,16672,5.727642059326172,0.0746937245130539,5.628538608551025,5.72788667678833,5.823394298553467,16672,5.727642059326172,0.07469373941421509,5.628538608551025,5.72788667678833,5.823394298553467,160802,0.3277048170566559,0.01084413006901741,0.31846320629119873,0.32977256178855896,0.33634981513023376,160802,0.010862567462027073,0.010504573583602905,0.0020942646078765392,0.008519308641552925,0.022129332646727562,160802,0.0016842822078615427,0.0015628075925633311,0.00023221969604492188,0.0012988150119781494,0.0035598461981862783,160802,0.0011311135021969676,0.0010020785266533494,0.00018985039787366986,0.0008873674087226391,0.0023513901978731155
Movies,43,3409,visual,160802,True,True,True,16672,5.859770774841309,0.10944472253322601,5.725554466247559,5.852748870849609,6.009755611419678,16672,5.859771251678467,0.10944472253322601,5.725554466247559,5.852748870849609,6.009755611419678,160802,0.21265895664691925,0.003941059112548828,0.20802170038223267,0.21290889382362366,0.2171820104122162,160802,0.011605869978666306,0.009266989305615425,0.002092120237648487,0.009434761479496956,0.023887623101472855,160802,0.0014083725400269032,0.001154861762188375,0.00021106304484419525,0.001145675778388977,0.0029336214065551758,160802,0.0008826306439004838,0.000747482874430716,0.00014192891831044108,0.0007047681137919426,0.0018378653330728412
Movies,44,3407,text,160802,True,True,True,16672,5.06059455871582,0.2476866990327835,4.767670154571533,5.020668983459473,5.414169788360596,16672,5.06059455871582,0.2476867139339447,4.767670154571533,5.020668983459473,5.414169788360596,160802,0.2163994312286377,0.04970328509807587,0.14322976768016815,0.22958286106586456,0.268057644367218,160802,0.28423309326171875,0.4597379267215729,0.039276331663131714,0.16118592023849487,0.6053129434585571,160802,0.026091786101460457,0.026136834174394608,0.002574455924332142,0.0170697420835495,0.06345951557159424,160802,0.02632068656384945,0.023925473913550377,0.004593905992805958,0.018477002158761024,0.059319887310266495
Movies,44,3407,visual,160802,True,True,True,16672,5.6893839836120605,0.08305240422487259,5.591434001922607,5.682724475860596,5.7954511642456055,16672,5.6893839836120605,0.08305240422487259,5.591434001922607,5.682724475860596,5.7954511642456055,160802,0.17773059010505676,0.026562267914414406,0.14188271760940552,0.1804599165916443,0.20973077416419983,160802,0.10503389686346054,0.0892905443906784,0.01558153610676527,0.08338813483715057,0.22229959070682526,160802,0.011357193812727928,0.00933319702744484,0.001675724983215332,0.00914900004863739,0.02397940680384636,160802,0.010252164676785469,0.008488500490784645,0.00150937563739717,0.008231576532125473,0.02160017564892769
Movies,44,3408,text,160802,True,True,True,16672,5.06059455871582,0.2476866990327835,4.767670154571533,5.020668983459473,5.414169788360596,16672,5.06059455871582,0.2476866990327835,4.767670154571533,5.020668983459473,5.414169788360596,160802,0.21666304767131805,0.04958992823958397,0.14389723539352417,0.22951459884643555,0.26818138360977173,160802,0.28440743684768677,0.4417731761932373,0.03898632526397705,0.16121244430541992,0.6108152270317078,160802,0.026116831228137016,0.026134436950087547,0.0025132300797849894,0.017136842012405396,0.06363802403211594,160802,0.026433195918798447,0.024014068767428398,0.004563413094729185,0.01849966309964657,0.059748660773038864
Movies,44,3408,visual,160802,True,True,True,16672,5.6893839836120605,0.08305240422487259,5.591434001922607,5.682724475860596,5.7954511642456055,16672,5.6893839836120605,0.08305241167545319,5.591434001922607,5.682724475860596,5.7954511642456055,160802,0.17778250575065613,0.026642292737960815,0.14176814258098602,0.18044131994247437,0.21013303101062775,160802,0.10489892959594727,0.08920911699533463,0.015455269254744053,0.08341141790151596,0.22231082618236542,160802,0.011340310797095299,0.009300448931753635,0.0016541481018066406,0.009148746728897095,0.023982929065823555,160802,0.010237259790301323,0.008457476273179054,0.001495452830567956,0.008231911808252335,0.021644817665219307
Movies,44,3409,text,160802,True,True,True,16672,5.06059455871582,0.2476866990327835,4.767670154571533,5.020668983459473,5.414169788360596,16672,5.06059455871582,0.2476866990327835,4.767670154571533,5.020668983459473,5.414169788360596,160802,0.21664488315582275,0.04947313666343689,0.1445768028497696,0.22949060797691345,0.2682640850543976,160802,0.28269481658935547,0.44613659381866455,0.03867562860250473,0.16191713511943817,0.6031776070594788,160802,0.026035597547888756,0.025850778445601463,0.002586421789601445,0.01721726357936859,0.06273743510246277,160802,0.02637231908738613,0.023940593004226685,0.004529616329818964,0.018553195521235466,0.059516407549381256
Movies,44,3409,visual,160802,True,True,True,16672,5.6893839836120605,0.08305240422487259,5.591434001922607,5.682724475860596,5.7954511642456055,16672,5.6893839836120605,0.08305239677429199,5.591434001922607,5.682724475860596,5.7954511642456055,160802,0.1778387576341629,0.026536043733358383,0.14176249504089355,0.18056720495224,0.2099323868751526,160802,0.10529598593711853,0.08794479072093964,0.015840189531445503,0.08449971675872803,0.22221828997135162,160802,0.011389634571969509,0.00922888983041048,0.0016987919807434082,0.009243056178092957,0.023986240848898888,160802,0.010278258472681046,0.008360274136066437,0.001531805144622922,0.00832865759730339,0.021652329713106155
Grocery,42,3407,text,142262,True,True,True,17074,5.643989086151123,0.2178613841533661,5.351284503936768,5.658190727233887,5.922871112823486,17074,5.643989086151123,0.21786139905452728,5.351284503936768,5.658190727233887,5.922871112823486,142262,0.10953957587480545,0.05229726433753967,0.0460343211889267,0.0996805876493454,0.18794408440589905,142262,0.960353434085846,0.7839661836624146,0.22091828286647797,0.7745988368988037,1.904234766960144,142262,0.04541877284646034,0.037366777658462524,0.005812937393784523,0.03621022403240204,0.09891369938850403,142262,0.05010849982500076,0.028486765921115875,0.01567412167787552,0.046171508729457855,0.09021418541669846
Grocery,42,3407,visual,142262,True,True,True,17074,5.435635089874268,0.22976334393024445,5.116408824920654,5.455084323883057,5.727926731109619,17074,5.435635089874268,0.22976335883140564,5.116408824920654,5.455084323883057,5.727926731109619,142262,0.16473063826560974,0.06933413445949554,0.061465442180633545,0.17385134100914001,0.24513982236385345,142262,0.8282276391983032,1.0422015190124512,0.0431053452193737,0.3955671191215515,2.24416446685791,142262,0.061009470373392105,0.06118244305253029,0.004675599746406078,0.03977474570274353,0.15160855650901794,142262,0.02740408666431904,0.026453295722603798,0.0028446351643651724,0.018544793128967285,0.06596649438142776
Grocery,42,3408,text,142262,True,True,True,17074,5.643989086151123,0.2178613841533661,5.351284503936768,5.658190727233887,5.922871112823486,17074,5.643989086151123,0.2178613841533661,5.351284503936768,5.658190727233887,5.922871112823486,142262,0.10997917503118515,0.05265197902917862,0.046047668904066086,0.10005833208560944,0.1887655109167099,142262,0.9543516039848328,0.771917998790741,0.21985992789268494,0.774117112159729,1.886195182800293,142262,0.045079704374074936,0.037362486124038696,0.00580577552318573,0.03561973571777344,0.09865455329418182,142262,0.05001010373234749,0.028601400554180145,0.01564745604991913,0.045879680663347244,0.09069178998470306
Grocery,42,3408,visual,142262,True,True,True,17074,5.435635089874268,0.22976334393024445,5.116408824920654,5.455084323883057,5.727926731109619,17074,5.435635089874268,0.22976334393024445,5.116408824920654,5.455084323883057,5.727926731109619,142262,0.16463404893875122,0.06949508935213089,0.06153155863285065,0.17331454157829285,0.24562089145183563,142262,0.8195562958717346,1.0306020975112915,0.04298172891139984,0.39175522327423096,2.2165873050689697,142262,0.06047946587204933,0.060798950493335724,0.00458607729524374,0.03944110870361328,0.15009315311908722,142262,0.027164101600646973,0.02626792900264263,0.0028082290664315224,0.01832883059978485,0.06548861414194107
Grocery,42,3409,text,142262,True,True,True,17074,5.643989086151123,0.2178613841533661,5.351284503936768,5.658190727233887,5.922871112823486,17074,5.643989086151123,0.2178613692522049,5.351284503936768,5.658190727233887,5.922871112823486,142262,0.11000409722328186,0.05240476876497269,0.0462702140212059,0.10009458661079407,0.18837890028953552,142262,0.9486762285232544,0.7776045203208923,0.2189851999282837,0.7642456889152527,1.8820512294769287,142262,0.044904857873916626,0.0371834896504879,0.005759132094681263,0.0355132520198822,0.09784679114818573,142262,0.04949229955673218,0.028293054550886154,0.015495067462325096,0.04553671181201935,0.08955661952495575
Grocery,42,3409,visual,142262,True,True,True,17074,5.435635089874268,0.22976334393024445,5.116408824920654,5.455084323883057,5.727926731109619,17074,5.435635089874268,0.22976335883140564,5.116408824920654,5.455084323883057,5.727926731109619,142262,0.16434551775455475,0.06939463317394257,0.061150748282670975,0.17315664887428284,0.24503065645694733,142262,0.8193682432174683,1.0322866439819336,0.04354437068104744,0.39227285981178284,2.215949058532715,142262,0.06044602021574974,0.060748811811208725,0.004686177242547274,0.03927236795425415,0.1497935652732849,142262,0.027132948860526085,0.026148734614253044,0.002872462384402752,0.018340427428483963,0.06518958508968353
Grocery,43,3407,text,142262,True,True,True,17074,5.917298316955566,0.2221798151731491,5.573635578155518,5.983776569366455,6.130860328674316,17074,5.917298316955566,0.22217980027198792,5.573635578155518,5.983776569366455,6.130860328674316,142262,0.14047850668430328,0.03615454584360123,0.08993068337440491,0.14607127010822296,0.18306931853294373,142262,0.1671559363603592,0.17935839295387268,0.0328986831009388,0.11335283517837524,0.35862863063812256,142262,0.010094553232192993,0.009388965554535389,0.00128555903211236,0.007408037781715393,0.02240961603820324,142262,0.010355193167924881,0.009893862530589104,0.0020666352938860655,0.007265215273946524,0.022618304938077927
Grocery,43,3407,visual,142262,True,True,True,17074,5.678386211395264,0.21913662552833557,5.388238430023193,5.706975936889648,5.935489177703857,17074,5.678386211395264,0.21913664042949677,5.388238430023193,5.706975936889648,5.935489177703857,142262,0.1587449461221695,0.029542716220021248,0.11224502325057983,0.16731981933116913,0.18889500200748444,142262,0.1772894412279129,0.22123213112354279,0.022646259516477585,0.09350588917732239,0.4507014751434326,142262,0.01065701711922884,0.01087178848683834,0.0011571706272661686,0.0070326924324035645,0.025622015818953514,142262,0.012649757787585258,0.0142070222645998,0.0018367288867011666,0.007459252141416073,0.031229855492711067
Grocery,43,3408,text,142262,True,True,True,17074,5.917298316955566,0.2221798151731491,5.573635578155518,5.983776569366455,6.130860328674316,17074,5.917298316955566,0.22217980027198792,5.573635578155518,5.983776569366455,6.130860328674316,142262,0.1408686488866806,0.03604193776845932,0.09023788571357727,0.14647260308265686,0.18315796554088593,142262,0.16467493772506714,0.17567512392997742,0.03280724957585335,0.1119852215051651,0.35170063376426697,142262,0.009987044148147106,0.009241963736712933,0.0012960017193108797,0.007336243987083435,0.022201620042324066,142262,0.010197271592915058,0.009673976339399815,0.0020719466265290976,0.007165657356381416,0.022218497470021248
Grocery,43,3408,visual,142262,True,True,True,17074,5.678386211395264,0.21913662552833557,5.388238430023193,5.706975936889648,5.935489177703857,17074,5.678386211395264,0.21913662552833557,5.388238430023193,5.706975936889648,5.935489177703857,142262,0.15885914862155914,0.029464727267622948,0.11243898421525955,0.16750463843345642,0.1888619065284729,142262,0.17460182309150696,0.2186002880334854,0.0220764372497797,0.09170691668987274,0.4433992803096771,142262,0.010544265620410442,0.0107579892501235,0.0011447996366769075,0.006937116384506226,0.025303777307271957,142262,0.012427639216184616,0.0140150748193264,0.0017916611395776272,0.007328830659389496,0.0308003481477499
Grocery,43,3409,text,142262,True,True,True,17074,5.917298316955566,0.2221798151731491,5.573635578155518,5.983776569366455,6.130860328674316,17074,5.917298316955566,0.22217980027198792,5.573635578155518,5.983776569366455,6.130860328674316,142262,0.14062543213367462,0.036280691623687744,0.08960963785648346,0.14623001217842102,0.18335425853729248,142262,0.16508212685585022,0.17418700456619263,0.03321516886353493,0.1130845844745636,0.35296574234962463,142262,0.00999585259705782,0.009255243465304375,0.0012898804852738976,0.00735202431678772,0.022202949970960617,142262,0.010240918956696987,0.009595146402716637,0.002109222114086151,0.0072535122744739056,0.02223752811551094
Grocery,43,3409,visual,142262,True,True,True,17074,5.678386211395264,0.21913662552833557,5.388238430023193,5.706975936889648,5.935489177703857,17074,5.678386211395264,0.21913662552833557,5.388238430023193,5.706975936889648,5.935489177703857,142262,0.15871398150920868,0.02964135631918907,0.11165791004896164,0.16727665066719055,0.1890358030796051,142262,0.17760345339775085,0.22011755406856537,0.022946663200855255,0.09440299868583679,0.44855499267578125,142262,0.01072883140295744,0.010883313603699207,0.0011856555938720703,0.007100358605384827,0.025671999901533127,142262,0.012678846716880798,0.01413686852902174,0.001859131851233542,0.0075406585820019245,0.031183548271656036
Grocery,44,3407,text,142262,True,True,True,17074,5.987945556640625,0.18846534192562103,5.729708671569824,6.040217399597168,6.164346694946289,17074,5.987946033477783,0.18846537172794342,5.729708671569824,6.040217399597168,6.164346694946289,142262,0.21766220033168793,0.04299188405275345,0.16011779010295868,0.23282012343406677,0.25189921259880066,142262,0.20566165447235107,0.5100845098495483,0.012456758879125118,0.046514466404914856,0.43884506821632385,142262,0.015914829447865486,0.027736710384488106,0.0008672179537825286,0.005725935101509094,0.042025238275527954,142262,0.014553243294358253,0.02799844928085804,0.0012421102728694677,0.004518444649875164,0.03620300441980362
Grocery,44,3407,visual,142262,True,True,True,17074,5.310533046722412,0.297939658164978,4.959843635559082,5.247450828552246,5.751087188720703,17074,5.31053352355957,0.2979396879673004,4.959843635559082,5.247450828552246,5.751087188720703,142262,0.1393621265888214,0.052184268832206726,0.06829051673412323,0.14183476567268372,0.20934435725212097,142262,0.6033677458763123,0.6853205561637878,0.0810878649353981,0.3753437399864197,1.3686431646347046,142262,0.0374646820127964,0.032100990414619446,0.004439474083483219,0.028737038373947144,0.08397652208805084,142262,0.02708851359784603,0.02201005257666111,0.005123283248394728,0.020728930830955505,0.05882466211915016
Grocery,44,3408,text,142262,True,True,True,17074,5.987945556640625,0.18846534192562103,5.729708671569824,6.040217399597168,6.164346694946289,17074,5.987946033477783,0.18846537172794342,5.729708671569824,6.040217399597168,6.164346694946289,142262,0.2172183096408844,0.043517958372831345,0.15887272357940674,0.23268429934978485,0.25187090039253235,142262,0.20359551906585693,0.49742045998573303,0.012158487923443317,0.04635975882411003,0.4484117329120636,142262,0.015832794830203056,0.027420802041888237,0.0008437663782387972,0.005680099129676819,0.04212472587823868,142262,0.014481397345662117,0.02770315855741501,0.0012190802954137325,0.004484931007027626,0.03666599467396736
Grocery,44,3408,visual,142262,True,True,True,17074,5.310533046722412,0.297939658164978,4.959843635559082,5.247450828552246,5.751087188720703,17074,5.31053352355957,0.297939658164978,4.959843635559082,5.247450828552246,5.751087188720703,142262,0.13936297595500946,0.05220453813672066,0.06834325194358826,0.1420331597328186,0.2092721164226532,142262,0.597348153591156,0.6826398372650146,0.08075971901416779,0.3710474967956543,1.34713613986969,142262,0.037043873220682144,0.03188807889819145,0.004385748412460089,0.02839583158493042,0.08300817012786865,142262,0.02682398073375225,0.02194364368915558,0.005088720005005598,0.020464744418859482,0.05839209258556366
Grocery,44,3409,text,142262,True,True,True,17074,5.987945556640625,0.18846534192562103,5.729708671569824,6.040217399597168,6.164346694946289,17074,5.987946033477783,0.18846535682678223,5.729708671569824,6.040217399597168,6.164346694946289,142262,0.21756353974342346,0.04320213571190834,0.1615363508462906,0.23259621858596802,0.25194406509399414,142262,0.2047010362148285,0.5088292956352234,0.012415465898811817,0.04669249802827835,0.4380814731121063,142262,0.015829509124159813,0.02786516398191452,0.0008638919098302722,0.00575605034828186,0.04115346446633339,142262,0.014501702971756458,0.028306344524025917,0.001241369522176683,0.0045058270916342735,0.036141909658908844
Grocery,44,3409,visual,142262,True,True,True,17074,5.310533046722412,0.297939658164978,4.959843635559082,5.247450828552246,5.751087188720703,17074,5.31053352355957,0.2979396879673004,4.959843635559082,5.247450828552246,5.751087188720703,142262,0.13950437307357788,0.052582088857889175,0.06792956590652466,0.14229004085063934,0.20987050235271454,142262,0.6029140949249268,0.6806305646896362,0.08087575435638428,0.3778117299079895,1.3626973628997803,142262,0.03757733479142189,0.03213227912783623,0.004422825761139393,0.029009878635406494,0.08415143936872482,142262,0.027146460488438606,0.0219669658690691,0.005116586107760668,0.02087043970823288,0.05914625898003578
