row_type,dataset,seed,shuffle_seed,full_context_acc,full_context_macro_f1,shuffled_context_acc,shuffled_context_macro_f1,context_off_acc,context_off_macro_f1,full_minus_shuffle_delta_acc,full_minus_shuffle_delta_macro_f1
shuffle_seed,Movies,42,3407,0.5443911217756449,0.4117641418447338,0.5437912417516497,0.41578126333586757,0.5308938212357528,0.3787178593650835,0.0005998800239951363,-0.004017121491133757
shuffle_seed,Movies,42,3408,0.5443911217756449,0.4117641418447338,0.5425914817036592,0.41153818076128773,0.5308938212357528,0.3787178593650835,0.001799640071985631,0.00022596108344608012
shuffle_seed,Movies,42,3409,0.5443911217756449,0.4117641418447338,0.5440911817636472,0.42127495987712693,0.5308938212357528,0.3787178593650835,0.00029994001199762366,-0.00951081803239312
shuffle_seed,Movies,43,3407,0.5404919016196761,0.41195401177109714,0.5404919016196761,0.4112368754439153,0.528494301139772,0.3742705682043631,0.0,0.0007171363271818443
shuffle_seed,Movies,43,3408,0.5404919016196761,0.41195401177109714,0.5398920215956808,0.41098903504657675,0.528494301139772,0.3742705682043631,0.0005998800239952473,0.0009649767245203944
shuffle_seed,Movies,43,3409,0.5404919016196761,0.41195401177109714,0.5404919016196761,0.4120714019634203,0.528494301139772,0.3742705682043631,0.0,-0.0001173901923231524
shuffle_seed,Movies,44,3407,0.5356928614277144,0.4027951215389717,0.5344931013797241,0.3986053760246268,0.5332933413317337,0.3894240365176713,0.0011997600479903836,0.004189745514344867
shuffle_seed,Movies,44,3408,0.5356928614277144,0.4027951215389717,0.5347930413917217,0.4019779551938859,0.5332933413317337,0.3894240365176713,0.00089982003599276,0.0008171663450857736
shuffle_seed,Movies,44,3409,0.5356928614277144,0.4027951215389717,0.5335932813437313,0.39997672366602544,0.5332933413317337,0.3894240365176713,0.0020995800839831436,0.0028183978729462433
shuffle_seed,Grocery,42,3407,0.8140556368960469,0.7332018653433814,0.812298682284041,0.7309832789240672,0.8070278184480234,0.7216744175026666,0.0017569546120058677,0.0022185864193141613
shuffle_seed,Grocery,42,3408,0.8140556368960469,0.7332018653433814,0.8128843338213763,0.7273593517178426,0.8070278184480234,0.7216744175026666,0.0011713030746706155,0.005842513625538781
shuffle_seed,Grocery,42,3409,0.8140556368960469,0.7332018653433814,0.8125915080527086,0.7272078705216745,0.8070278184480234,0.7216744175026666,0.0014641288433382416,0.005993994821706927
shuffle_seed,Grocery,43,3407,0.8196193265007321,0.7206646661503292,0.8196193265007321,0.7137367202937235,0.8143484626647145,0.7055367297145763,0.0,0.006927945856605722
shuffle_seed,Grocery,43,3408,0.8196193265007321,0.7206646661503292,0.8193265007320644,0.7188131658393997,0.8143484626647145,0.7055367297145763,0.00029282576866773713,0.0018515003109295103
shuffle_seed,Grocery,43,3409,0.8196193265007321,0.7206646661503292,0.8184480234260615,0.7184220386021865,0.8143484626647145,0.7055367297145763,0.0011713030746706155,0.0022426275481427504
shuffle_seed,Grocery,44,3407,0.8105417276720351,0.69327313438491,0.8111273792093704,0.6937903322280905,0.8046852122986823,0.6878431390535866,-0.0005856515373352522,-0.0005171978431804947
shuffle_seed,Grocery,44,3408,0.8105417276720351,0.69327313438491,0.808199121522694,0.6892001888600409,0.8046852122986823,0.6878431390535866,0.00234260614934112,0.004072945524869143
shuffle_seed,Grocery,44,3409,0.8105417276720351,0.69327313438491,0.8108345534407028,0.6954258902512904,0.8046852122986823,0.6878431390535866,-0.0002928257686676261,-0.002152755866380418
