dataset,seed,modality,diagnostic,mean,std,p10,p50,p90
Movies,42,text,context_norm,5.57362174987793,0.1548399180173874,5.377094745635986,5.572043418884277,5.779469013214111
Movies,42,text,relative_context_residual,0.2968836724758148,0.06728111952543259,0.19643011689186096,0.3262184262275696,0.33915606141090393
Movies,42,text,abs_conductance_change,0.16911965608596802,0.036466293036937714,0.13202321529388428,0.17489638924598694,0.20675557851791382
Movies,42,text,mean_abs_angle_change,0.1136026531457901,0.022006895393133163,0.09151529520750046,0.11879480630159378,0.12960676848888397
Movies,42,visual,context_norm,5.349908351898193,0.12549373507499695,5.1768717765808105,5.360936164855957,5.5027337074279785
Movies,42,visual,relative_context_residual,0.20459765195846558,0.018555302172899246,0.18192340433597565,0.20864003896713257,0.22306005656719208
Movies,42,visual,abs_conductance_change,0.13163889944553375,0.014210390858352184,0.11458738893270493,0.13157106935977936,0.1506703495979309
Movies,42,visual,mean_abs_angle_change,0.09308536350727081,0.007370475213974714,0.08511301130056381,0.09216152131557465,0.10232940316200256
Movies,43,text,context_norm,5.727642059326172,0.0746937245130539,5.628538131713867,5.727886199951172,5.823394298553467
Movies,43,text,relative_context_residual,0.32772955298423767,0.01129395142197609,0.31944623589515686,0.33023232221603394,0.33568885922431946
Movies,43,text,abs_conductance_change,0.20000173151493073,0.025795022025704384,0.16722963750362396,0.1994343101978302,0.23239807784557343
Movies,43,text,mean_abs_angle_change,0.11830159276723862,0.005253225099295378,0.11399834603071213,0.11722014099359512,0.12405962496995926
Movies,43,visual,context_norm,5.859771251678467,0.10944472998380661,5.725554943084717,5.852748870849609,6.009755611419678
Movies,43,visual,relative_context_residual,0.21270890533924103,0.003732514102011919,0.20860019326210022,0.21308013796806335,0.2165708839893341
Movies,43,visual,abs_conductance_change,0.13482095301151276,0.010387014597654343,0.1207784116268158,0.13547158241271973,0.14767944812774658
Movies,43,visual,mean_abs_angle_change,0.08560425043106079,0.006978749297559261,0.0786513090133667,0.08407514542341232,0.09443341940641403
Movies,44,text,context_norm,5.06059455871582,0.2476866990327835,4.767670154571533,5.020668983459473,5.414169788360596
Movies,44,text,relative_context_residual,0.22150178253650665,0.0523381233215332,0.14165446162223816,0.23976239562034607,0.2724322974681854
Movies,44,text,abs_conductance_change,0.14005109667778015,0.035589467734098434,0.09078317880630493,0.14693257212638855,0.17903168499469757
Movies,44,text,mean_abs_angle_change,0.11339541524648666,0.027297697961330414,0.07234791666269302,0.123374342918396,0.1396196484565735
Movies,44,visual,context_norm,5.6893839836120605,0.08305241167545319,5.591433525085449,5.682724475860596,5.7954511642456055
Movies,44,visual,relative_context_residual,0.17927849292755127,0.021358022466301918,0.15148812532424927,0.1815122663974762,0.2041972130537033
Movies,44,visual,abs_conductance_change,0.11845358461141586,0.015067745000123978,0.09977616369724274,0.11864583194255829,0.1376003921031952
Movies,44,visual,mean_abs_angle_change,0.10827657580375671,0.01135943178087473,0.09497734159231186,0.10805198550224304,0.12253575772047043
Grocery,42,text,context_norm,5.643989086151123,0.2178613841533661,5.351284027099609,5.658190727233887,5.922871112823486
Grocery,42,text,relative_context_residual,0.1104997992515564,0.047913335263729095,0.049011558294296265,0.10538525879383087,0.17929992079734802
Grocery,42,text,abs_conductance_change,0.06507190316915512,0.039802856743335724,0.01241497416049242,0.06267595291137695,0.12016671150922775
Grocery,42,text,mean_abs_angle_change,0.060176003724336624,0.02507760003209114,0.02450312115252018,0.06221485137939453,0.09234264492988586
Grocery,42,visual,context_norm,5.435635089874268,0.22976335883140564,5.116408824920654,5.455084323883057,5.727926731109619
Grocery,42,visual,relative_context_residual,0.16036389768123627,0.06752046197652817,0.06185716763138771,0.16649293899536133,0.2411540150642395
Grocery,42,visual,abs_conductance_change,0.10330140590667725,0.050775591284036636,0.026539653539657593,0.11084771156311035,0.16465194523334503
Grocery,42,visual,mean_abs_angle_change,0.04590727388858795,0.023086195811629295,0.014808794483542442,0.045332785695791245,0.07791691273450851
Grocery,43,text,context_norm,5.917298316955566,0.22217980027198792,5.573635578155518,5.983776569366455,6.130860328674316
Grocery,43,text,relative_context_residual,0.14249709248542786,0.033847369253635406,0.09529931843280792,0.14865978062152863,0.1815827488899231
Grocery,43,text,abs_conductance_change,0.08444876968860626,0.02575594373047352,0.049144916236400604,0.08767624199390411,0.11538808792829514
Grocery,43,text,mean_abs_angle_change,0.0671880915760994,0.013863448984920979,0.04890303313732147,0.06935718655586243,0.08169431984424591
Grocery,43,visual,context_norm,5.678386211395264,0.21913662552833557,5.388238430023193,5.706975936889648,5.935489177703857
Grocery,43,visual,relative_context_residual,0.1591758280992508,0.0292957816272974,0.10761022567749023,0.16880416870117188,0.18779084086418152
Grocery,43,visual,abs_conductance_change,0.09347421675920486,0.01953226886689663,0.06532636284828186,0.0974254310131073,0.11446550488471985
Grocery,43,visual,mean_abs_angle_change,0.08961600810289383,0.011071245186030865,0.07286787033081055,0.09162574261426926,0.10127457976341248
Grocery,44,text,context_norm,5.987945556640625,0.18846537172794342,5.729708671569824,6.040217399597168,6.164346694946289
Grocery,44,text,relative_context_residual,0.21735119819641113,0.04705090448260307,0.14352324604988098,0.23517180979251862,0.2530311346054077
Grocery,44,text,abs_conductance_change,0.13849568367004395,0.036292385309934616,0.0928146094083786,0.14591839909553528,0.17400436103343964
Grocery,44,text,mean_abs_angle_change,0.09938565641641617,0.01844743639230728,0.08338847011327744,0.09993826597929001,0.11838402599096298
Grocery,44,visual,context_norm,5.310533046722412,0.297939658164978,4.959843635559082,5.247450828552246,5.751087188720703
Grocery,44,visual,relative_context_residual,0.13873310387134552,0.05150696635246277,0.06512857973575592,0.14367571473121643,0.2068098783493042
Grocery,44,visual,abs_conductance_change,0.08575915545225143,0.0403287373483181,0.022861380130052567,0.09391993284225464,0.1330968588590622
Grocery,44,visual,mean_abs_angle_change,0.0716768279671669,0.028676897287368774,0.02462136000394821,0.07925832271575928,0.10354086011648178
