dataset,seed,modality,num_edges,direction_agreement_edges,full_residual_ratio_count,full_residual_ratio_mean,full_residual_ratio_std,full_residual_ratio_p10,full_residual_ratio_p50,full_residual_ratio_p90,lpo_residual_ratio_count,lpo_residual_ratio_mean,lpo_residual_ratio_std,lpo_residual_ratio_p10,lpo_residual_ratio_p50,lpo_residual_ratio_p90,other_context_retention_count,other_context_retention_mean,other_context_retention_std,other_context_retention_p10,other_context_retention_p50,other_context_retention_p90,direction_cosine_count,direction_cosine_mean,direction_cosine_std,direction_cosine_p10,direction_cosine_p50,direction_cosine_p90,abs_conductance_full_minus_pair_count,abs_conductance_full_minus_pair_mean,abs_conductance_full_minus_pair_std,abs_conductance_full_minus_pair_p10,abs_conductance_full_minus_pair_p50,abs_conductance_full_minus_pair_p90,abs_conductance_lpo_minus_pair_count,abs_conductance_lpo_minus_pair_mean,abs_conductance_lpo_minus_pair_std,abs_conductance_lpo_minus_pair_p10,abs_conductance_lpo_minus_pair_p50,abs_conductance_lpo_minus_pair_p90,mean_abs_angle_full_minus_pair_count,mean_abs_angle_full_minus_pair_mean,mean_abs_angle_full_minus_pair_std,mean_abs_angle_full_minus_pair_p10,mean_abs_angle_full_minus_pair_p50,mean_abs_angle_full_minus_pair_p90,mean_abs_angle_lpo_minus_pair_count,mean_abs_angle_lpo_minus_pair_mean,mean_abs_angle_lpo_minus_pair_std,mean_abs_angle_lpo_minus_pair_p10,mean_abs_angle_lpo_minus_pair_p50,mean_abs_angle_lpo_minus_pair_p90,mean_abs_angle_full_minus_lpo_count,mean_abs_angle_full_minus_lpo_mean,mean_abs_angle_full_minus_lpo_std,mean_abs_angle_full_minus_lpo_p10,mean_abs_angle_full_minus_lpo_p50,mean_abs_angle_full_minus_lpo_p90
Movies,42,text,160802,160802,160802,0.2968836724758148,0.06728111952543259,0.19643010199069977,0.32621845602989197,0.33915603160858154,160802,0.2943931221961975,0.06820102781057358,0.18687523901462555,0.3248973488807678,0.3390308618545532,160802,0.9937300682067871,0.08359213918447495,0.9863220453262329,0.9999878406524658,1.0035721063613892,160802,0.9981908202171326,0.037637658417224884,0.9999576210975647,0.9999998807907104,1.0,160802,0.16911965608596802,0.03646629676222801,0.13202321529388428,0.17489638924598694,0.20675557851791382,160802,0.16800589859485626,0.03697390854358673,0.1292337328195572,0.17391514778137207,0.20644964277744293,160802,0.1136026531457901,0.022006895393133163,0.09151530265808105,0.11879480630159378,0.12960676848888397,160802,0.11266554892063141,0.022568656131625175,0.08703535795211792,0.11842145025730133,0.12942568957805634,160802,0.0018200629856437445,0.007216996978968382,1.4619949070038274e-05,0.00013211369514465332,0.0027380301617085934
Movies,42,visual,160802,160802,160802,0.20459765195846558,0.018555302172899246,0.18192341923713684,0.20864005386829376,0.2230600267648697,160802,0.20341219007968903,0.01948196440935135,0.17833545804023743,0.2079346477985382,0.2228647917509079,160802,0.9943267107009888,0.032940227538347244,0.9957438111305237,0.9999680519104004,1.0031920671463013,160802,0.999988853931427,0.0001345989148830995,0.9999989867210388,1.0,1.0,160802,0.13163889944553375,0.014210390858352184,0.1145874634385109,0.13157106935977936,0.1506703495979309,160802,0.13092029094696045,0.01462811604142189,0.11324522644281387,0.1310286968946457,0.15023653209209442,160802,0.09308536350727081,0.007370475213974714,0.08511301875114441,0.09216151386499405,0.10232940316200256,160802,0.09259383380413055,0.007887866348028183,0.08445986360311508,0.09188076853752136,0.10218093544244766,160802,0.0007687437464483082,0.0027841757982969284,9.07275898498483e-06,7.14233610779047e-05,0.0009437237749807537
Movies,43,text,160802,160802,160802,0.3277295231819153,0.01129395142197609,0.3194462060928345,0.33023229241371155,0.33568885922431946,160802,0.32587990164756775,0.015221468172967434,0.3158169686794281,0.32987838983535767,0.33565717935562134,160802,0.9943600296974182,0.031191416084766388,0.9972997307777405,1.0000265836715698,1.0008655786514282,160802,0.9999914765357971,8.004734991118312e-05,0.9999998211860657,1.0,1.0,160802,0.20000173151493073,0.025795022025704384,0.16722963750362396,0.1994343101978302,0.23239807784557343,160802,0.19908282160758972,0.02628738060593605,0.16573373973369598,0.19862161576747894,0.23195354640483856,160802,0.11830159276723862,0.005253225564956665,0.11399834603071213,0.11722013354301453,0.12405961006879807,160802,0.11768119782209396,0.0063125197775661945,0.11353977769613266,0.11704953759908676,0.12385117262601852,160802,0.0007101816008798778,0.003437339561060071,5.197711288928986e-06,3.5552424378693104e-05,0.0004418129101395607
Movies,43,visual,160802,160802,160802,0.21270890533924103,0.003732514102011919,0.20860019326210022,0.21308013796806335,0.2165708839893341,160802,0.21153894066810608,0.008964036591351032,0.20799477398395538,0.21302255988121033,0.21656720340251923,160802,0.9945727586746216,0.03982757776975632,0.998001217842102,0.9999945163726807,1.0013542175292969,160802,0.9999962449073792,2.1846773961442523e-05,0.9999998807907104,1.0,1.0,160802,0.13482095301151276,0.010387013666331768,0.1207784116268158,0.13547158241271973,0.14767944812774658,160802,0.13411718606948853,0.011374575085937977,0.11947395652532578,0.1351693719625473,0.14759312570095062,160802,0.08560425043106079,0.006978749297559261,0.0786513164639473,0.08407513797283173,0.09443341940641403,160802,0.08517932891845703,0.007575015537440777,0.07835565507411957,0.08393584191799164,0.09431390464305878,160802,0.0006107881781645119,0.003193844808265567,4.81193455925677e-06,3.3583492040634155e-05,0.0003465311892796308
Movies,44,text,160802,160802,160802,0.22150178253650665,0.0523381233215332,0.14165444672107697,0.23976239562034607,0.27243226766586304,160802,0.21912221610546112,0.05334756523370743,0.13816767930984497,0.23736265301704407,0.2717108726501465,160802,0.9969948530197144,0.1623583883047104,0.9748722910881042,0.9996878504753113,1.0243018865585327,160802,0.997201144695282,0.0367024689912796,0.9993176460266113,0.9999958276748657,0.9999998807907104,160802,0.14005109667778015,0.035589467734098434,0.09078323096036911,0.14693251252174377,0.17903168499469757,160802,0.13872605562210083,0.03608138859272003,0.08819644153118134,0.14566512405872345,0.17858915030956268,160802,0.11339541524648666,0.027297697961330414,0.07234793901443481,0.123374342918396,0.1396196335554123,160802,0.1123376190662384,0.027710506692528725,0.07065606117248535,0.12200076878070831,0.1394106149673462,160802,0.0040872422978281975,0.011738955043256283,0.00010041911446023732,0.0007167779840528965,0.007814083248376846
Movies,44,visual,160802,160802,160802,0.17927849292755127,0.021358022466301918,0.15148814022541046,0.1815122663974762,0.2041972130537033,160802,0.17827212810516357,0.022732960060238838,0.14900292456150055,0.18111029267311096,0.20426711440086365,160802,0.9957701563835144,0.06846257299184799,0.9844444990158081,1.0000333786010742,1.011308193206787,160802,0.9999040365219116,0.0010916031897068024,0.9999815821647644,0.9999998807907104,1.0,160802,0.11845358461141586,0.015067745000123978,0.09977616369724274,0.1186458170413971,0.1376003921031952,160802,0.11781807988882065,0.015905750915408134,0.09820428490638733,0.11833444237709045,0.13764320313930511,160802,0.10827656835317612,0.01135943178087473,0.09497736394405365,0.10805197060108185,0.12253575772047043,160802,0.1077086329460144,0.01226192619651556,0.09365423023700714,0.1077183336019516,0.1227150484919548,160802,0.0021482014562934637,0.006407652981579304,4.2168612708337605e-05,0.0003205845132470131,0.004061776679009199
Grocery,42,text,142262,142262,142262,0.1104997992515564,0.047913335263729095,0.04901156947016716,0.10538526624441147,0.17929989099502563,142262,0.110209621489048,0.04806750267744064,0.04856623336672783,0.10510140657424927,0.17907807230949402,142262,1.0096056461334229,0.1796921342611313,0.9485177993774414,1.0001890659332275,1.0756319761276245,142262,0.9784642457962036,0.1110411062836647,0.9782944917678833,0.9997913837432861,0.9999948143959045,142262,0.06507191061973572,0.039802856743335724,0.012414921075105667,0.06267601251602173,0.12016671150922775,142262,0.06541496515274048,0.039864931255578995,0.012515652924776077,0.06315433979034424,0.1206032857298851,142262,0.060176003724336624,0.02507760003209114,0.02450312115252018,0.062214843928813934,0.09234265983104706,142262,0.05975790694355965,0.025177717208862305,0.02417338639497757,0.06163109838962555,0.09223184734582901,142262,0.006142130587249994,0.01284509152173996,0.00034132838482037187,0.0015390384942293167,0.016529645770788193
Grocery,42,visual,142262,142262,142262,0.16036389768123627,0.06752046197652817,0.0618571899831295,0.16649292409420013,0.24115405976772308,142262,0.16123318672180176,0.06726041436195374,0.0627703070640564,0.1670527160167694,0.24190732836723328,142262,1.050480604171753,0.43505704402923584,0.8851845860481262,0.9999838471412659,1.1322442293167114,142262,0.94107985496521,0.2829982042312622,0.9813842177391052,0.9999609589576721,0.9999997019767761,142262,0.10330140590667725,0.050775595009326935,0.0265396349132061,0.11084771156311035,0.16465194523334503,142262,0.10389374941587448,0.050294116139411926,0.02768692933022976,0.11154797673225403,0.164463609457016,142262,0.04590727388858795,0.023086193948984146,0.014808787032961845,0.04533275589346886,0.07791691273450851,142262,0.04631280153989792,0.023096688091754913,0.015004492364823818,0.04580330848693848,0.07839252799749374,142262,0.006653884891420603,0.017038213089108467,0.00012013233208563179,0.0010553509928286076,0.0169018916785717
Grocery,43,text,142262,142262,142262,0.14249709248542786,0.033847369253635406,0.09529931843280792,0.14865978062152863,0.1815827488899231,142262,0.14161750674247742,0.03510015085339546,0.0931265577673912,0.14824920892715454,0.18162871897220612,142262,0.9939283728599548,0.09442441910505295,0.9637269973754883,0.9998695850372314,1.0199576616287231,142262,0.9947247505187988,0.03644859045743942,0.9976324439048767,0.9999973773956299,0.9999999403953552,142262,0.08444876968860626,0.02575594373047352,0.04914490878582001,0.08767624199390411,0.11538803577423096,142262,0.08413420617580414,0.026424895972013474,0.0477396622300148,0.08784005045890808,0.11542964726686478,142262,0.0671880915760994,0.013863448984920979,0.04890303686261177,0.06935718655586243,0.08169432729482651,142262,0.06697943806648254,0.014683115296065807,0.04779363423585892,0.06938126683235168,0.0822141170501709,142262,0.002969627268612385,0.007450062781572342,4.227189492667094e-05,0.0003432445228099823,0.008745952509343624
Grocery,43,visual,142262,142262,142262,0.1591758280992508,0.0292957816272974,0.10761022567749023,0.16880415380001068,0.18779084086418152,142262,0.15814964473247528,0.029607290402054787,0.1069866344332695,0.16743019223213196,0.1876300871372223,142262,0.9954279065132141,0.07127455621957779,0.9725815653800964,0.9999511241912842,1.0128417015075684,142262,0.997466504573822,0.01789276674389839,0.9984055161476135,0.9999977350234985,0.9999999403953552,142262,0.09347421675920486,0.01953226886689663,0.06532636284828186,0.0974254310131073,0.11446550488471985,142262,0.09306157380342484,0.019742151722311974,0.06465712189674377,0.09693142771720886,0.11439875513315201,142262,0.08961600810289383,0.011071245186030865,0.07286787033081055,0.09162575006484985,0.10127457976341248,142262,0.08932793885469437,0.011427788063883781,0.0722731500864029,0.09138893336057663,0.1013595461845398,142262,0.002441671211272478,0.006126924883574247,3.9922168070916086e-05,0.0003285008715465665,0.00662589306011796
Grocery,44,text,142262,142262,142262,0.21735119819641113,0.04705090820789337,0.14352324604988098,0.2351718246936798,0.2530311346054077,142262,0.21497926115989685,0.04852744936943054,0.13722380995750427,0.23350471258163452,0.25284430384635925,142262,0.9927076697349548,0.11806228756904602,0.9739990830421448,0.9998879432678223,1.0091882944107056,142262,0.9925814867019653,0.08291753381490707,0.9996821880340576,0.9999997615814209,1.0,142262,0.13849568367004395,0.036292385309934616,0.0928146094083786,0.14591839909553528,0.17400436103343964,142262,0.1372363269329071,0.036579929292201996,0.08844084292650223,0.14497511088848114,0.17314787209033966,142262,0.09938565641641617,0.01844743639230728,0.08338845521211624,0.09993826597929001,0.11838401108980179,142262,0.09856391698122025,0.019323505461215973,0.07969909906387329,0.0995984673500061,0.11834880709648132,142262,0.003115380182862282,0.011177901178598404,2.3477385184378363e-05,0.00019509927369654179,0.006078115198761225
Grocery,44,visual,142262,142262,142262,0.13873310387134552,0.05150696635246277,0.06512858718633652,0.14367571473121643,0.20680983364582062,142262,0.13832063972949982,0.051326774060726166,0.06570692360401154,0.14299291372299194,0.20624198019504547,142262,1.0125188827514648,0.19458086788654327,0.9294806718826294,1.0006988048553467,1.0757838487625122,142262,0.957859218120575,0.19124995172023773,0.9771947860717773,0.9999269843101501,0.9999987483024597,142262,0.08575915545225143,0.0403287373483181,0.022861380130052567,0.09391993284225464,0.1330968588590622,142262,0.08542822301387787,0.04047514125704765,0.02259586565196514,0.09344735741615295,0.1332315057516098,142262,0.0716768279671669,0.028676897287368774,0.024621358141303062,0.07925832271575928,0.10354086011648178,142262,0.07141096144914627,0.02873273566365242,0.02474251203238964,0.07879550755023956,0.10360797494649887,142262,0.006321837194263935,0.01484616193920374,0.00016835103451739997,0.0011625820770859718,0.016300389543175697
