dataset,seed,modality,degree_bin,num_edges,direction_cosine_edges,full_residual_ratio_mean,lpo_residual_ratio_mean,retention_mean,direction_cosine_mean,full_vs_lpo_angle_difference_mean
Movies,42,text,1,5870,5870,0.2928999364376068,0.24478687345981598,0.8784809112548828,0.9755613803863525,0.024925943464040756
Movies,42,text,2-3,13668,13668,0.29981735348701477,0.29254549741744995,0.9793913960456848,0.9920754432678223,0.005539433099329472
Movies,42,text,4-10,48890,48890,0.29784172773361206,0.297493577003479,0.9995664358139038,0.9993287324905396,0.0009208861738443375
Movies,42,text,>10,92374,92374,0.2961956858634949,0.29617780447006226,1.0000864267349243,0.9999315142631531,0.0002773441665340215
Movies,42,visual,1,5870,5870,0.20164410769939423,0.17110444605350494,0.8520373106002808,0.9997349977493286,0.01305458229035139
Movies,42,visual,2-3,13668,13668,0.20412546396255493,0.2030590921640396,0.9948887228965759,0.9999865293502808,0.00206817127764225
Movies,42,visual,4-10,48890,48890,0.20266832411289215,0.2027081996202469,1.0003302097320557,0.999998927116394,0.00025105965323746204
Movies,42,visual,>10,92374,92374,0.20587632060050964,0.20589002966880798,1.0001081228256226,1.0,6.974991993047297e-05
Movies,43,text,1,5870,5870,0.3261966109275818,0.27938219904899597,0.8572383522987366,0.9997691512107849,0.01573292538523674
Movies,43,text,2-3,13668,13668,0.3277164697647095,0.3264102637767792,0.9960125088691711,0.999998927116394,0.0008744483347982168
Movies,43,text,4-10,48890,48890,0.3277605175971985,0.32767409086227417,0.9997354745864868,1.0,0.00012999511091038585
Movies,43,text,>10,92374,92374,0.3278124928474426,0.3278065323829651,0.9999841451644897,1.0,3.831092908512801e-05
Movies,43,visual,1,5870,5870,0.211448535323143,0.1809518039226532,0.858724057674408,0.9998958706855774,0.013867461122572422
Movies,43,visual,2-3,13668,13668,0.21249304711818695,0.21196193993091583,0.9974561333656311,0.999999463558197,0.0006501856260001659
Movies,43,visual,4-10,48890,48890,0.21259444952011108,0.2125607281923294,0.9998421669006348,1.0,0.00010556101915426552
Movies,43,visual,>10,92374,92374,0.21288152039051056,0.2128792107105255,0.9999898672103882,1.0,2.9947277653263882e-05
Movies,44,text,1,5870,5870,0.20976756513118744,0.15115651488304138,0.886868953704834,0.9519884586334229,0.04834846407175064
Movies,44,text,2-3,13668,13668,0.21834616363048553,0.21331728994846344,0.982765257358551,0.9906273484230042,0.011204955168068409
Movies,44,text,4-10,48890,48890,0.22116950154304504,0.22145965695381165,1.004911184310913,0.9993135333061218,0.002888251096010208
Movies,44,text,>10,92374,92374,0.2228902131319046,0.22306294739246368,1.001908540725708,0.9999289512634277,0.0008560338756069541
Movies,44,visual,1,5870,5870,0.17086167633533478,0.15580761432647705,0.9790100455284119,0.9983315467834473,0.024469317868351936
Movies,44,visual,2-3,13668,13668,0.17853893339633942,0.17406682670116425,0.9668081998825073,0.9996083378791809,0.00892653875052929
Movies,44,visual,4-10,48890,48890,0.1790236234664917,0.17881378531455994,0.9983492493629456,0.9999948143959045,0.001080433139577508
Movies,44,visual,>10,92374,92374,0.18005768954753876,0.18003518879413605,0.9997554421424866,0.9999997019767761,0.000291964242933318
Grocery,42,text,1,7944,7944,0.14659108221530914,0.10668925195932388,0.7725745439529419,0.7984325289726257,0.04575759544968605
Grocery,42,text,2-3,17382,17382,0.12065364420413971,0.13377372920513153,1.1530864238739014,0.9311119914054871,0.0158731397241354
Grocery,42,text,4-10,45196,45196,0.11056432873010635,0.11149873584508896,1.0101367235183716,0.9950827956199646,0.003387441160157323
Grocery,42,text,>10,71740,71740,0.1040024608373642,0.10407794266939163,1.0007538795471191,0.9994032382965088,0.0011330879060551524
Grocery,42,visual,1,7944,7944,0.23381592333316803,0.16864623129367828,0.7989619970321655,0.7010473608970642,0.0339626744389534
Grocery,42,visual,2-3,17382,17382,0.1702626794576645,0.20565436780452728,1.4463448524475098,0.723901629447937,0.025124846026301384
Grocery,42,visual,4-10,45196,45196,0.15721659362316132,0.158092200756073,1.0225151777267456,0.9762985706329346,0.00384061923250556
Grocery,42,visual,>10,71740,71740,0.15181474387645721,0.1516282558441162,1.0000357627868652,0.9980922937393188,0.0009268848807550967
Grocery,43,text,1,7944,7944,0.13766595721244812,0.1190788522362709,0.8839190602302551,0.941580057144165,0.020705338567495346
Grocery,43,text,2-3,17382,17382,0.13539011776447296,0.13638098537921906,1.001957893371582,0.9846571683883667,0.010273306630551815
Grocery,43,text,4-10,45196,45196,0.13917064666748047,0.13926854729652405,1.0004136562347412,0.9996220469474792,0.001273299683816731
Grocery,43,text,>10,71740,71740,0.14684967696666718,0.14686185121536255,1.0000790357589722,0.9999637603759766,0.0003047565114684403
Grocery,43,visual,1,7944,7944,0.1458069384098053,0.13810352981090546,0.9959989786148071,0.9731389880180359,0.0190103892236948
Grocery,43,visual,2-3,17382,17382,0.15328174829483032,0.14936192333698273,0.9719447493553162,0.9922803044319153,0.00711124436929822
Grocery,43,visual,4-10,45196,45196,0.15746288001537323,0.15717221796512604,0.9977578520774841,0.999744176864624,0.0011414008913561702
Grocery,43,visual,>10,71740,71740,0.16316348314285278,0.16311436891555786,0.9995866417884827,0.9999821186065674,0.000294731929898262
Grocery,44,text,1,7944,7944,0.2153579443693161,0.1707374006509781,0.8096563220024109,0.9574694037437439,0.02446342445909977
Grocery,44,text,2-3,17382,17382,0.21301068365573883,0.2139957845211029,1.026664137840271,0.9616698622703552,0.009950502775609493
Grocery,44,text,4-10,45196,45196,0.21625889837741852,0.21629440784454346,1.0004889965057373,0.998974084854126,0.0011992150684818625
Grocery,44,text,>10,71740,71740,0.21931172907352448,0.21928806602954865,0.9998477697372437,0.999931812286377,0.0003025288169737905
Grocery,44,visual,1,7944,7944,0.15043143928050995,0.13304263353347778,1.077329397201538,0.5249646306037903,0.049756817519664764
Grocery,44,visual,2-3,17382,17382,0.14281725883483887,0.14690525829792023,1.058436632156372,0.8923249244689941,0.015686677768826485
Grocery,44,visual,4-10,45196,45196,0.13983583450317383,0.14001256227493286,1.002694845199585,0.9934499859809875,0.003426921321079135
Grocery,44,visual,>10,71740,71740,0.13575343787670135,0.13575924932956696,1.00040602684021,0.9992513060569763,0.0010669083567336202
