dataset,seed,modality,relation_state,signed_mean,signed_std,p10,p50,p90,fraction_positive,fraction_negative,num_edges
Movies,42,text,pair_only,-1.9373589754104614,0.29676443338394165,-2.182178497314453,-2.040252208709717,-1.5499261617660522,0.0005223815678618848,0.9994776248931885,160802
Movies,42,text,full_context,-2.614098072052002,0.4761737287044525,-2.9563255310058594,-2.7955360412597656,-2.0137991905212402,0.0018407731549814343,0.9981592297554016,160802
Movies,42,text,full_minus_pair,-0.6767390966415405,0.19260233640670776,-0.785423755645752,-0.7550545930862427,-0.448814332485199,0.020602978765964508,0.9793970584869385,160802
Movies,42,visual,pair_only,-1.3337342739105225,0.1519967019557953,-1.4790618419647217,-1.3733166456222534,-1.136022925376892,0.0,1.0,160802
Movies,42,visual,full_context,-1.6634211540222168,0.1762223094701767,-1.8294621706008911,-1.7103450298309326,-1.4357960224151611,0.0,1.0,160802
Movies,42,visual,full_minus_pair,-0.32968685030937195,0.030401641502976418,-0.359886109828949,-0.336395800113678,-0.29239898920059204,0.0,1.0,160802
Movies,43,text,pair_only,-1.7512370347976685,0.17316143214702606,-1.9201332330703735,-1.802398443222046,-1.5260144472122192,0.0,1.0,160802
Movies,43,text,full_context,-2.4353301525115967,0.184907928109169,-2.6145684719085693,-2.4898691177368164,-2.1973531246185303,0.0,1.0,160802
Movies,43,text,full_minus_pair,-0.6840930581092834,0.02414357103407383,-0.7009860873222351,-0.6898311376571655,-0.665861964225769,0.0,1.0,160802
Movies,43,visual,pair_only,-1.4123471975326538,0.12316372245550156,-1.5379161834716797,-1.4388618469238281,-1.253310203552246,0.0,1.0,160802
Movies,43,visual,full_context,-1.7632027864456177,0.12694625556468964,-1.892573595046997,-1.7903817892074585,-1.600141167640686,0.0,1.0,160802
Movies,43,visual,full_minus_pair,-0.3508555591106415,0.006422824691981077,-0.357450008392334,-0.3515722155570984,-0.34371912479400635,0.0,1.0,160802
Movies,44,text,pair_only,-1.5440821647644043,0.21717016398906708,-1.7680513858795166,-1.6046242713928223,-1.199057936668396,0.0,1.0,160802
Movies,44,text,full_context,-1.9429866075515747,0.3083838224411011,-2.2492120265960693,-2.038731336593628,-1.4464154243469238,0.0,1.0,160802
Movies,44,text,full_minus_pair,-0.3989045321941376,0.11017993837594986,-0.502035915851593,-0.4379398226737976,-0.2261243611574173,0.0019713686779141426,0.9980286359786987,160802
Movies,44,visual,pair_only,-1.4337092638015747,0.15344761312007904,-1.6070278882980347,-1.4622688293457031,-1.2261056900024414,0.0,1.0,160802
Movies,44,visual,full_context,-1.74191153049469,0.17665430903434753,-1.9451022148132324,-1.7703056335449219,-1.5064045190811157,0.0,1.0,160802
Movies,44,visual,full_minus_pair,-0.30820217728614807,0.03768016770482063,-0.35223034024238586,-0.31215041875839233,-0.25911200046539307,6.218828275450505e-06,0.9999938011169434,160802
Grocery,42,text,pair_only,-1.310365915298462,0.21145552396774292,-1.5567424297332764,-1.3417069911956787,-1.0211411714553833,7.029284006421221e-06,0.9999929666519165,142262
Grocery,42,text,full_context,-1.4245595932006836,0.28749439120292664,-1.7790656089782715,-1.4471181631088257,-1.0372806787490845,2.8117136025684886e-05,0.999971866607666,142262
Grocery,42,text,full_minus_pair,-0.11419374495744705,0.15233096480369568,-0.3055364787578583,-0.12867319583892822,0.10337747633457184,0.2522810101509094,0.7477189898490906,142262
Grocery,42,visual,pair_only,-1.085900902748108,0.18110914528369904,-1.2970155477523804,-1.1095163822174072,-0.8435211181640625,7.029283733572811e-05,0.9999297261238098,142262
Grocery,42,visual,full_context,-1.0050485134124756,0.3633800148963928,-1.5560442209243774,-0.9420480132102966,-0.5833349227905273,0.0007169869495555758,0.9992830157279968,142262
Grocery,42,visual,full_minus_pair,0.08085248619318008,0.24532639980316162,-0.33703839778900146,0.1662830114364624,0.33071625232696533,0.6880122423171997,0.3119877278804779,142262
Grocery,43,text,pair_only,-1.2445296049118042,0.18091627955436707,-1.438409686088562,-1.2734825611114502,-1.023377776145935,0.0,1.0,142262
Grocery,43,text,full_context,-1.4466131925582886,0.20455604791641235,-1.649949312210083,-1.4885594844818115,-1.1867870092391968,0.0,1.0,142262
Grocery,43,text,full_minus_pair,-0.2020835131406784,0.0599357932806015,-0.26532816886901855,-0.21689438819885254,-0.11437764763832092,0.00413321889936924,0.9958667755126953,142262
Grocery,43,visual,pair_only,-0.9823494553565979,0.171819806098938,-1.1866072416305542,-1.0025465488433838,-0.7429983615875244,0.0,1.0,142262
Grocery,43,visual,full_context,-1.191202163696289,0.20104368031024933,-1.4187629222869873,-1.2239344120025635,-0.9067273736000061,0.0,1.0,142262
Grocery,43,visual,full_minus_pair,-0.20885267853736877,0.04374951869249344,-0.24754652380943298,-0.22345006465911865,-0.14055214822292328,0.0,1.0,142262
Grocery,44,text,pair_only,-1.379760503768921,0.1823422610759735,-1.5788599252700806,-1.4099745750427246,-1.1404321193695068,1.4058568012842443e-05,0.999985933303833,142262
Grocery,44,text,full_context,-1.7336957454681396,0.2634183168411255,-1.9877568483352661,-1.7950682640075684,-1.4205657243728638,9.84099751804024e-05,0.9999015927314758,142262
Grocery,44,text,full_minus_pair,-0.3539353609085083,0.11591105163097382,-0.42583703994750977,-0.3945887088775635,-0.2338942289352417,0.03734658658504486,0.962653398513794,142262
Grocery,44,visual,pair_only,-1.0438520908355713,0.2111302614212036,-1.2859407663345337,-1.0754756927490234,-0.7652769684791565,0.00028117134934291244,0.9997188448905945,142262
Grocery,44,visual,full_context,-1.2305819988250732,0.2576206922531128,-1.5483187437057495,-1.2504340410232544,-0.8964356184005737,0.00014058567467145622,0.9998593926429749,142262
Grocery,44,visual,full_minus_pair,-0.18672996759414673,0.1111200824379921,-0.31369176506996155,-0.21103540062904358,-0.016475992277264595,0.08401400595903397,0.9159860014915466,142262
