dataset,seed,modality,sample_seed,sampled_edges,global_bias_ratio,residual_rms,centered_top1_energy,centered_top5_energy,centered_effective_rank,mean_channel_variance,median_channel_variance,channels_variance_gt_1e_6,channels_variance_fraction_gt_1e_6,mean_direction_status,mean_direction_cosine_mean,mean_direction_cosine_p10,mean_direction_cosine_p50,mean_direction_cosine_p90
Movies,42,text,20260929,8192,0.9609664082527161,2.554503917694092,0.9970576167106628,0.9998883008956909,1.0231845378875732,0.007804451044648886,0.008190578781068325,64,1.0,defined,0.9548143148422241,0.9937651753425598,0.999735951423645,0.9999377727508545
Movies,42,visual,20260929,8192,0.9956296682357788,1.6964601278305054,0.9946925044059753,0.9994569420814514,1.0410592555999756,0.0003921916941180825,0.00039609329542145133,64,1.0,defined,0.9999382495880127,0.9999105930328369,0.9999833703041077,0.999993622303009
Movies,43,text,20260929,8192,0.9993064403533936,2.757394790649414,0.9874757528305054,0.9995977282524109,1.0816751718521118,0.00016474310541525483,0.00017270323587581515,64,1.0,defined,0.9999856948852539,0.9999778866767883,0.9999926686286926,0.9999982118606567
Movies,43,visual,20260929,8192,0.9997857809066772,1.7637286186218262,0.9734970927238464,0.9987483620643616,1.1592543125152588,2.0823717932216823e-05,2.0872770619462244e-05,64,1.0,defined,0.9999933242797852,0.9999864101409912,0.9999966621398926,0.9999991655349731
Movies,44,text,20260929,8192,0.9526692628860474,1.8968232870101929,0.7086392641067505,0.9995961785316467,1.8695296049118042,0.005195729434490204,0.005083300638943911,64,1.0,defined,0.9636000394821167,0.89605313539505,0.9943634867668152,0.9996548891067505
Movies,44,visual,20260929,8192,0.9926242232322693,1.4968870878219604,0.9956459999084473,0.9997152090072632,1.0347437858581543,0.0005145564209669828,0.0005214408738538623,64,1.0,defined,0.9997012615203857,0.9995143413543701,0.9998977184295654,0.9999780654907227
Grocery,42,text,20260929,8192,0.5908386707305908,0.9931241273880005,0.7333542704582214,0.9970499873161316,1.9240639209747314,0.010031081736087799,0.009971767663955688,64,1.0,defined,0.5355829000473022,-0.49823668599128723,0.8205902576446533,0.964095950126648
Grocery,42,visual,20260929,8192,0.40426748991012573,1.4414464235305786,0.9935646057128906,0.9993831515312195,1.0494227409362793,0.027159273624420166,0.027572572231292725,64,1.0,defined,0.4940400719642639,-0.7027797102928162,0.9046123027801514,0.9726589322090149
Grocery,43,text,20260929,8192,0.889561116695404,1.2137503623962402,0.8807425498962402,0.9989252090454102,1.5542296171188354,0.004803546704351902,0.003331920364871621,64,1.0,defined,0.8889249563217163,0.5378496050834656,0.9825472831726074,0.9917646646499634
Grocery,43,visual,20260929,8192,0.9554397463798523,1.3340791463851929,0.9598039388656616,0.9985869526863098,1.2245047092437744,0.0024231229908764362,0.00171898293774575,64,1.0,defined,0.9564265012741089,0.9075533151626587,0.9954564571380615,0.9989759922027588
Grocery,44,text,20260929,8192,0.9385201334953308,1.8452882766723633,0.9847040176391602,0.9995182752609253,1.093809962272644,0.006340910214930773,0.007115674205124378,64,1.0,defined,0.9182986617088318,0.989088237285614,0.9991359710693359,0.9997308254241943
Grocery,44,visual,20260929,8192,0.8515248894691467,1.2205480337142944,0.939445436000824,0.9985998868942261,1.3083330392837524,0.0063990140333771706,0.0056444816291332245,64,1.0,defined,0.8334141373634338,0.35881710052490234,0.9809597134590149,0.9954404830932617
